BEGIN TRANSACTION;
CREATE TABLE comparisons (
    comparison_id integer primary key autoincrement not null,
    v1 integer,
    v2 integer,
	winner integer,
	suuid text,
	foreign key(v1) references videos(video_id)
);
INSERT INTO "comparisons" VALUES(1,75,5,75,'fbf5b3bd-cf37-4f57-bc18-93870b6546eb');
INSERT INTO "comparisons" VALUES(2,71,94,71,'fbf5b3bd-cf37-4f57-bc18-93870b6546eb');
INSERT INTO "comparisons" VALUES(3,16,46,46,'fbf5b3bd-cf37-4f57-bc18-93870b6546eb');
INSERT INTO "comparisons" VALUES(4,32,8,32,'e8911b74-19ba-4aa9-a216-cc75557d686c');
INSERT INTO "comparisons" VALUES(5,66,85,66,'e8911b74-19ba-4aa9-a216-cc75557d686c');
INSERT INTO "comparisons" VALUES(6,38,57,38,'a19334b1-2e8a-45ed-a64c-2f3401c70f16');
INSERT INTO "comparisons" VALUES(7,98,8,98,'a19334b1-2e8a-45ed-a64c-2f3401c70f16');
INSERT INTO "comparisons" VALUES(8,88,114,114,'f33a17a5-fbc4-469a-b03e-af26c74f50dc');
INSERT INTO "comparisons" VALUES(9,42,46,42,'c6453a46-5402-45b7-8189-e25de8f2ba03');
INSERT INTO "comparisons" VALUES(10,35,103,35,'c6453a46-5402-45b7-8189-e25de8f2ba03');
INSERT INTO "comparisons" VALUES(11,72,31,31,'c6453a46-5402-45b7-8189-e25de8f2ba03');
INSERT INTO "comparisons" VALUES(12,86,63,63,'c6453a46-5402-45b7-8189-e25de8f2ba03');
INSERT INTO "comparisons" VALUES(13,29,10,10,'4b11f917-9e30-4ac6-a482-a3c44e29d4d8');
INSERT INTO "comparisons" VALUES(14,70,71,71,'4b11f917-9e30-4ac6-a482-a3c44e29d4d8');
INSERT INTO "comparisons" VALUES(15,18,106,18,'4b11f917-9e30-4ac6-a482-a3c44e29d4d8');
INSERT INTO "comparisons" VALUES(16,9,101,101,'4b11f917-9e30-4ac6-a482-a3c44e29d4d8');
INSERT INTO "comparisons" VALUES(17,91,35,35,'fcd64e42-cc6a-4a08-a2de-6b3074dc76a8');
INSERT INTO "comparisons" VALUES(18,11,52,52,'fcd64e42-cc6a-4a08-a2de-6b3074dc76a8');
INSERT INTO "comparisons" VALUES(19,23,71,71,'fcd64e42-cc6a-4a08-a2de-6b3074dc76a8');
INSERT INTO "comparisons" VALUES(20,113,10,113,'7a2f389c-198a-4b38-a53d-4b0aebc621ef');
INSERT INTO "comparisons" VALUES(21,19,72,72,'7a2f389c-198a-4b38-a53d-4b0aebc621ef');
INSERT INTO "comparisons" VALUES(22,59,71,71,'7a2f389c-198a-4b38-a53d-4b0aebc621ef');
INSERT INTO "comparisons" VALUES(23,74,55,55,'7a2f389c-198a-4b38-a53d-4b0aebc621ef');
INSERT INTO "comparisons" VALUES(24,100,36,36,'ca01bdc7-02df-45ff-a843-d5645e9d8f46');
INSERT INTO "comparisons" VALUES(25,111,15,111,'ca01bdc7-02df-45ff-a843-d5645e9d8f46');
INSERT INTO "comparisons" VALUES(26,50,114,50,'ca01bdc7-02df-45ff-a843-d5645e9d8f46');
INSERT INTO "comparisons" VALUES(27,6,81,6,'ca01bdc7-02df-45ff-a843-d5645e9d8f46');
INSERT INTO "comparisons" VALUES(28,67,8,8,'ca01bdc7-02df-45ff-a843-d5645e9d8f46');
INSERT INTO "comparisons" VALUES(29,44,90,44,'ca01bdc7-02df-45ff-a843-d5645e9d8f46');
INSERT INTO "comparisons" VALUES(30,108,7,108,'e2223a5c-e3a7-4210-8e0b-a0be0a76c736');
INSERT INTO "comparisons" VALUES(31,4,11,11,'e2223a5c-e3a7-4210-8e0b-a0be0a76c736');
INSERT INTO "comparisons" VALUES(32,62,52,62,'e2223a5c-e3a7-4210-8e0b-a0be0a76c736');
INSERT INTO "comparisons" VALUES(33,23,67,23,'e2223a5c-e3a7-4210-8e0b-a0be0a76c736');
INSERT INTO "comparisons" VALUES(34,5,44,44,'e2223a5c-e3a7-4210-8e0b-a0be0a76c736');
INSERT INTO "comparisons" VALUES(35,90,67,67,'e2223a5c-e3a7-4210-8e0b-a0be0a76c736');
INSERT INTO "comparisons" VALUES(36,112,98,98,'e2223a5c-e3a7-4210-8e0b-a0be0a76c736');
INSERT INTO "comparisons" VALUES(37,20,2,2,'fb562b24-7a9e-46f9-9aec-9ab84ae1f53f');
INSERT INTO "comparisons" VALUES(38,65,54,54,'fb562b24-7a9e-46f9-9aec-9ab84ae1f53f');
INSERT INTO "comparisons" VALUES(39,11,89,11,'fb562b24-7a9e-46f9-9aec-9ab84ae1f53f');
INSERT INTO "comparisons" VALUES(40,41,70,41,'9f5c922c-9836-4c20-8d56-9e89e5c5d191');
INSERT INTO "comparisons" VALUES(41,104,20,20,'9f5c922c-9836-4c20-8d56-9e89e5c5d191');
INSERT INTO "comparisons" VALUES(42,67,36,36,'9f5c922c-9836-4c20-8d56-9e89e5c5d191');
INSERT INTO "comparisons" VALUES(43,23,5,5,'f02a9462-8428-4e6b-baa1-4ce2efd97169');
INSERT INTO "comparisons" VALUES(44,57,110,110,'f02a9462-8428-4e6b-baa1-4ce2efd97169');
INSERT INTO "comparisons" VALUES(45,20,80,80,'f02a9462-8428-4e6b-baa1-4ce2efd97169');
INSERT INTO "comparisons" VALUES(46,33,72,33,'f02a9462-8428-4e6b-baa1-4ce2efd97169');
INSERT INTO "comparisons" VALUES(47,36,30,36,'f02a9462-8428-4e6b-baa1-4ce2efd97169');
INSERT INTO "comparisons" VALUES(48,86,102,102,'f02a9462-8428-4e6b-baa1-4ce2efd97169');
INSERT INTO "comparisons" VALUES(49,2,25,25,'f02a9462-8428-4e6b-baa1-4ce2efd97169');
INSERT INTO "comparisons" VALUES(50,41,76,76,'f02a9462-8428-4e6b-baa1-4ce2efd97169');
INSERT INTO "comparisons" VALUES(51,67,60,67,'f02a9462-8428-4e6b-baa1-4ce2efd97169');
INSERT INTO "comparisons" VALUES(52,28,63,63,'6c011664-7058-4ddf-931a-93f709adfcef');
INSERT INTO "comparisons" VALUES(53,101,10,101,'9b80f727-6c99-47a3-a21a-f0baabeedb98');
INSERT INTO "comparisons" VALUES(54,13,20,13,'9b80f727-6c99-47a3-a21a-f0baabeedb98');
INSERT INTO "comparisons" VALUES(55,8,72,8,'a5075ebe-1956-4cfe-a001-a6fe7008b9bb');
INSERT INTO "comparisons" VALUES(56,92,47,47,'a5075ebe-1956-4cfe-a001-a6fe7008b9bb');
CREATE TABLE sessions (
    session_id integer primary key autoincrement not null,
    suuid text,
	user_id integer,
    start_time text,
	foreign key(suuid) references comparisons(suuid)
);
INSERT INTO "sessions" VALUES(1,'fbf5b3bd-cf37-4f57-bc18-93870b6546eb',2,'2016-06-08 15:38:49.495257');
INSERT INTO "sessions" VALUES(2,'e8911b74-19ba-4aa9-a216-cc75557d686c',3,'2016-06-08 15:40:21.796716');
INSERT INTO "sessions" VALUES(3,'a19334b1-2e8a-45ed-a64c-2f3401c70f16',3,'2016-06-08 15:41:08.739239');
INSERT INTO "sessions" VALUES(4,'f33a17a5-fbc4-469a-b03e-af26c74f50dc',2,'2016-06-08 16:46:46.892887');
INSERT INTO "sessions" VALUES(5,'81542414-ddec-4687-81a5-e9a6e4b899f1',2,'2016-06-08 16:47:29.333731');
INSERT INTO "sessions" VALUES(6,'69e9e206-4004-4c36-bccd-8fb1c1247224',3,'2016-06-08 16:52:07.841765');
INSERT INTO "sessions" VALUES(7,'c6453a46-5402-45b7-8189-e25de8f2ba03',2,'2016-06-08 16:58:02.363671');
INSERT INTO "sessions" VALUES(8,'4b11f917-9e30-4ac6-a482-a3c44e29d4d8',2,'2016-06-08 17:01:10.350858');
INSERT INTO "sessions" VALUES(9,'eb581bb2-3033-4fdf-b7c5-41d7498365da',2,'2016-06-08 17:25:41.691910');
INSERT INTO "sessions" VALUES(10,'6f8ee23e-ce50-47bb-9924-fd68e8f25125',2,'2016-06-08 17:28:11.385867');
INSERT INTO "sessions" VALUES(11,'0a1beff4-781d-4b41-8ead-5aef93a04c67',2,'2016-06-08 17:34:46.478674');
INSERT INTO "sessions" VALUES(12,'64892943-c87e-497d-bd92-012b17689699',2,'2016-06-08 17:48:47.942040');
INSERT INTO "sessions" VALUES(13,'e22cff35-c61f-44df-b1de-d07bf5d7aa93',2,'2016-06-08 17:49:57.264633');
INSERT INTO "sessions" VALUES(14,'fcd64e42-cc6a-4a08-a2de-6b3074dc76a8',2,'2016-06-08 17:50:10.111066');
INSERT INTO "sessions" VALUES(15,'7a2f389c-198a-4b38-a53d-4b0aebc621ef',2,'2016-06-08 17:52:16.192686');
INSERT INTO "sessions" VALUES(16,'ca01bdc7-02df-45ff-a843-d5645e9d8f46',1,'2016-06-08 17:55:34.468459');
INSERT INTO "sessions" VALUES(17,'e2223a5c-e3a7-4210-8e0b-a0be0a76c736',1,'2016-06-08 17:58:50.378072');
INSERT INTO "sessions" VALUES(18,'fb562b24-7a9e-46f9-9aec-9ab84ae1f53f',1,'2016-06-08 18:02:08.238724');
INSERT INTO "sessions" VALUES(19,'9f5c922c-9836-4c20-8d56-9e89e5c5d191',1,'2016-06-08 18:03:27.536803');
INSERT INTO "sessions" VALUES(20,'f02a9462-8428-4e6b-baa1-4ce2efd97169',1,'2016-06-08 18:15:20.294002');
INSERT INTO "sessions" VALUES(21,'c0c5a45e-6e99-44c0-af8b-52ffb44c85f2',1,'2016-06-09 10:57:53.010626');
INSERT INTO "sessions" VALUES(22,'96b594e9-bcdc-4fc9-8c07-33d74bfcd037',1,'2016-06-09 11:04:05.551210');
INSERT INTO "sessions" VALUES(23,'b1a3806f-72c0-4492-bbb4-a9d22adeb733',1,'2016-06-09 11:05:14.797854');
INSERT INTO "sessions" VALUES(24,'4dad1e80-2985-4e79-80e5-2723b7bb035d',1,'2016-06-09 11:12:50.716802');
INSERT INTO "sessions" VALUES(25,'85bfb7b8-d5de-4345-87b1-fd8975884957',1,'2016-06-09 11:15:53.435157');
INSERT INTO "sessions" VALUES(26,'3015a37a-aea2-41e8-8a7f-9b2deda72715',1,'2016-06-09 11:16:18.602598');
INSERT INTO "sessions" VALUES(27,'d1697fb5-203b-4126-83d5-33dfcedca06f',1,'2016-06-09 11:20:03.748567');
INSERT INTO "sessions" VALUES(28,'6a624a99-aa13-41c0-b6f6-e5841f9208a3',1,'2016-06-09 11:23:59.254573');
INSERT INTO "sessions" VALUES(29,'5f767216-08ca-43c3-ba9b-6ece027946ab',1,'2016-06-09 11:30:24.521089');
INSERT INTO "sessions" VALUES(30,'48041d89-a0f5-4e06-98ba-652b7bca16b2',1,'2016-06-09 11:32:33.619732');
INSERT INTO "sessions" VALUES(31,'f2376402-65c6-4645-8ee9-5a3339445900',1,'2016-06-09 11:49:35.653999');
INSERT INTO "sessions" VALUES(32,'51f3324a-4c6d-46dd-a396-4344a0898b4a',1,'2016-06-09 11:50:55.758871');
INSERT INTO "sessions" VALUES(33,'4b432801-4f0f-4e2e-8b7e-e94f278a5701',1,'2016-06-09 11:52:56.974711');
INSERT INTO "sessions" VALUES(34,'753a3979-fe72-4982-bf44-8078afc54c79',1,'2016-06-09 12:01:17.802092');
INSERT INTO "sessions" VALUES(35,'4c97bd47-8426-4d8e-ad12-920a6bf90db1',1,'2016-06-09 12:02:09.717088');
INSERT INTO "sessions" VALUES(36,'05aac976-63e5-4fcf-9f5d-bde8d87fe4fb',1,'2016-06-09 12:03:58.454482');
INSERT INTO "sessions" VALUES(37,'73d8d49b-12c4-489b-a5fc-feb9f4d3c625',1,'2016-06-09 12:18:34.129051');
INSERT INTO "sessions" VALUES(38,'7e6e32f3-0bf0-47cd-8908-f54df4afd9c8',1,'2016-06-09 12:19:17.567360');
INSERT INTO "sessions" VALUES(39,'a3b6372a-85ed-4dd4-81f5-786508853d8d',1,'2016-06-09 12:19:52.719757');
INSERT INTO "sessions" VALUES(40,'614d6a03-bcfb-4825-913c-b4152abba971',1,'2016-06-09 12:23:07.099446');
INSERT INTO "sessions" VALUES(41,'67f7a0f2-e5cf-45ca-bae1-945f6bff0004',1,'2016-06-09 12:27:32.434030');
INSERT INTO "sessions" VALUES(42,'c08b0b37-8c10-4866-abff-5ead17d6ecfa',1,'2016-06-09 12:28:11.906534');
INSERT INTO "sessions" VALUES(43,'6c011664-7058-4ddf-931a-93f709adfcef',1,'2016-06-09 13:17:37.151504');
INSERT INTO "sessions" VALUES(44,'c693a08b-d129-46c7-9006-7769d03967b7',1,'2016-06-09 13:18:10.279761');
INSERT INTO "sessions" VALUES(45,'9b80f727-6c99-47a3-a21a-f0baabeedb98',1,'2016-06-09 13:18:34.273676');
INSERT INTO "sessions" VALUES(46,'8cf5d7fb-a368-44b5-b7b3-3f384db4e3ef',2,'2016-06-09 13:19:13.847905');
INSERT INTO "sessions" VALUES(47,'a5075ebe-1956-4cfe-a001-a6fe7008b9bb',2,'2016-06-09 13:19:27.917135');
INSERT INTO "sessions" VALUES(48,'d587e11f-bda3-42f2-b447-a30adbd35611',2,'2016-06-09 13:38:17.357024');
INSERT INTO "sessions" VALUES(49,'3bb8e08f-2803-47a8-b0f9-5521225501dd',2,'2016-06-09 13:39:33.593489');
INSERT INTO "sessions" VALUES(50,'975b926b-c2f2-43b9-959f-527fede62581',2,'2016-06-09 14:10:12.157045');
INSERT INTO "sessions" VALUES(51,'d5e746b6-e1b6-4680-831b-1e3708656e8a',2,'2016-06-09 14:11:01.670996');
DELETE FROM "sqlite_sequence";
INSERT INTO "sqlite_sequence" VALUES('videos',114);
INSERT INTO "sqlite_sequence" VALUES('users',3);
INSERT INTO "sqlite_sequence" VALUES('sessions',51);
INSERT INTO "sqlite_sequence" VALUES('comparisons',56);
CREATE TABLE users (
    user_id integer primary key autoincrement not null,
    username text,
    password text,
    license bool, 
	foreign key(user_id) references sessions(user_id)
);
INSERT INTO "users" VALUES(1,'admin','admin',1);
INSERT INTO "users" VALUES(2,'u1','123',0);
INSERT INTO "users" VALUES(3,'u2','123',1);
CREATE TABLE videos (
    video_id integer primary key autoincrement not null,
    filepath text not null,
	num_comparisons	integer
);
INSERT INTO "videos" VALUES(1,'/static/videos/d11d_V1391089173_980.ogv',0);
INSERT INTO "videos" VALUES(2,'/static/videos/d21d_V1391160865_992.ogv',2);
INSERT INTO "videos" VALUES(3,'/static/videos/d13d_V1391091201_995.ogv',0);
INSERT INTO "videos" VALUES(4,'/static/videos/d31d_V1391161819_012.ogv',1);
INSERT INTO "videos" VALUES(5,'/static/videos/d31dt_V1391090427_977.ogv',3);
INSERT INTO "videos" VALUES(6,'/static/videos/d12d_V1391090599_058.ogv',1);
INSERT INTO "videos" VALUES(7,'/static/videos/d21d_V1391160921_009.ogv',1);
INSERT INTO "videos" VALUES(8,'/static/videos/d32d_V1391089618_019.ogv',4);
INSERT INTO "videos" VALUES(9,'/static/videos/d31d_V1391091137_988.ogv',1);
INSERT INTO "videos" VALUES(10,'/static/videos/d32dt_V1391089773_981.ogv',3);
INSERT INTO "videos" VALUES(11,'/static/videos/d41d_V1391089271_986.ogv',3);
INSERT INTO "videos" VALUES(12,'/static/videos/d41d_V1391088812_997.ogv',0);
INSERT INTO "videos" VALUES(13,'/static/videos/d11d_V1391089869_985.ogv',1);
INSERT INTO "videos" VALUES(14,'/static/videos/d12d_V1391161454_031.ogv',0);
INSERT INTO "videos" VALUES(15,'/static/videos/d41d_V1391088287_019.ogv',1);
INSERT INTO "videos" VALUES(16,'/static/videos/d12d_V1391090716_992.ogv',1);
INSERT INTO "videos" VALUES(17,'/static/videos/d21d_V1391091403_996.ogv',0);
INSERT INTO "videos" VALUES(18,'/static/videos/d31dt_V1391088310_004.ogv',1);
INSERT INTO "videos" VALUES(19,'/static/videos/d41d_V1391089267_972.ogv',1);
INSERT INTO "videos" VALUES(20,'/static/videos/d21d_V1391089811_991.ogv',4);
INSERT INTO "videos" VALUES(21,'/static/videos/d11d_V1391089227_008.ogv',0);
INSERT INTO "videos" VALUES(22,'/static/videos/d31d_V1391089260_965.ogv',0);
INSERT INTO "videos" VALUES(23,'/static/videos/d12d_V1391090594_976.ogv',3);
INSERT INTO "videos" VALUES(24,'/static/videos/d31d_V1391091188_992.ogv',0);
INSERT INTO "videos" VALUES(25,'/static/videos/d31d_V1391089434_021.ogv',1);
INSERT INTO "videos" VALUES(26,'/static/videos/d12d_V1391090695_974.ogv',0);
INSERT INTO "videos" VALUES(27,'/static/videos/d33d_V1391088805_018.ogv',0);
INSERT INTO "videos" VALUES(28,'/static/videos/d21d_V1391089161_003.ogv',1);
INSERT INTO "videos" VALUES(29,'/static/videos/d21dt_V1391089896_024.ogv',1);
INSERT INTO "videos" VALUES(30,'/static/videos/d32d_V1391088291_994.ogv',1);
INSERT INTO "videos" VALUES(31,'/static/videos/d23d_V1391090477_976.ogv',1);
INSERT INTO "videos" VALUES(32,'/static/videos/d31dt_V1391088313_974.ogv',1);
INSERT INTO "videos" VALUES(33,'/static/videos/d11dt_V1391160777_011.ogv',1);
INSERT INTO "videos" VALUES(34,'/static/videos/d11d_V1391160908_014.ogv',0);
INSERT INTO "videos" VALUES(35,'/static/videos/d23d_V1391090482_027.ogv',2);
INSERT INTO "videos" VALUES(36,'/static/videos/d31d_V1391090412_987.ogv',3);
INSERT INTO "videos" VALUES(37,'/static/videos/d21d_V1391089372_968.ogv',0);
INSERT INTO "videos" VALUES(38,'/static/videos/d13d_V1391091357_997.ogv',1);
INSERT INTO "videos" VALUES(39,'/static/videos/d11d_V1391090953_968.ogv',0);
INSERT INTO "videos" VALUES(40,'/static/videos/d32dt_V1391089778_007.ogv',0);
INSERT INTO "videos" VALUES(41,'/static/videos/d11d_V1391088279_038.ogv',2);
INSERT INTO "videos" VALUES(42,'/static/videos/d21d_V1391161251_002.ogv',1);
INSERT INTO "videos" VALUES(43,'/static/videos/d11dt_V1391160773_012.ogv',0);
INSERT INTO "videos" VALUES(44,'/static/videos/d21d_V1391089417_986.ogv',2);
INSERT INTO "videos" VALUES(45,'/static/videos/d21d_V1391089142_021.ogv',0);
INSERT INTO "videos" VALUES(46,'/static/videos/d31d_V1391091038_973.ogv',2);
INSERT INTO "videos" VALUES(47,'/static/videos/d21dt_V1391161847_006.ogv',1);
INSERT INTO "videos" VALUES(48,'/static/videos/d31d_V1391091145_961.ogv',0);
INSERT INTO "videos" VALUES(49,'/static/videos/d31d_V1391091141_992.ogv',0);
INSERT INTO "videos" VALUES(50,'/static/videos/d21d_V1391160727_024.ogv',1);
INSERT INTO "videos" VALUES(51,'/static/videos/d11d_V1391160670_995.ogv',0);
INSERT INTO "videos" VALUES(52,'/static/videos/d11d_V1391160674_995.ogv',2);
INSERT INTO "videos" VALUES(53,'/static/videos/d32dt_V1391088863_988.ogv',0);
INSERT INTO "videos" VALUES(54,'/static/videos/d31d_V1391091129_993.ogv',1);
INSERT INTO "videos" VALUES(55,'/static/videos/d11dt_V1391160781_008.ogv',1);
INSERT INTO "videos" VALUES(56,'/static/videos/d21d_V1391089399_040.ogv',0);
INSERT INTO "videos" VALUES(57,'/static/videos/d21d_V1391088961_985.ogv',2);
INSERT INTO "videos" VALUES(58,'/static/videos/d32d_V1391090945_992.ogv',0);
INSERT INTO "videos" VALUES(59,'/static/videos/d21d_V1391088334_966.ogv',1);
INSERT INTO "videos" VALUES(60,'/static/videos/d12d_V1391090657_984.ogv',1);
INSERT INTO "videos" VALUES(61,'/static/videos/d31d_V1391091286_997.ogv',0);
INSERT INTO "videos" VALUES(62,'/static/videos/d41dt_V1391160762_012.ogv',1);
INSERT INTO "videos" VALUES(63,'/static/videos/d11d_V1391089190_961.ogv',2);
INSERT INTO "videos" VALUES(64,'/static/videos/d21d_V1391088338_989.ogv',0);
INSERT INTO "videos" VALUES(65,'/static/videos/d12d_V1391089081_990.ogv',1);
INSERT INTO "videos" VALUES(66,'/static/videos/d32d_V1391091483_017.ogv',1);
INSERT INTO "videos" VALUES(67,'/static/videos/d13d_V1391090558_985.ogv',5);
INSERT INTO "videos" VALUES(68,'/static/videos/d21d_V1391088295_974.ogv',0);
INSERT INTO "videos" VALUES(69,'/static/videos/d21d_V1391088825_975.ogv',0);
INSERT INTO "videos" VALUES(70,'/static/videos/d13d_V1391090669_975.ogv',2);
INSERT INTO "videos" VALUES(71,'/static/videos/d31d_V1391091133_995.ogv',4);
INSERT INTO "videos" VALUES(72,'/static/videos/d21d_V1391160916_991.ogv',4);
INSERT INTO "videos" VALUES(73,'/static/videos/d11d_V1391089511_992.ogv',0);
INSERT INTO "videos" VALUES(74,'/static/videos/d41dt_V1391160750_015.ogv',1);
INSERT INTO "videos" VALUES(75,'/static/videos/d11d_V1391089230_989.ogv',1);
INSERT INTO "videos" VALUES(76,'/static/videos/d23d_V1391090711_994.ogv',1);
INSERT INTO "videos" VALUES(77,'/static/videos/d14d_V1391090706_989.ogv',0);
INSERT INTO "videos" VALUES(78,'/static/videos/d11d_V1391088320_977.ogv',0);
INSERT INTO "videos" VALUES(79,'/static/videos/d21dt_V1391161050_012.ogv',0);
INSERT INTO "videos" VALUES(80,'/static/videos/d12d_V1391161450_030.ogv',1);
INSERT INTO "videos" VALUES(81,'/static/videos/d11d_V1391090986_976.ogv',1);
INSERT INTO "videos" VALUES(82,'/static/videos/d22d_V1391091193_976.ogv',0);
INSERT INTO "videos" VALUES(83,'/static/videos/d31dt_V1391161162_022.ogv',0);
INSERT INTO "videos" VALUES(84,'/static/videos/d22d_V1391161232_006.ogv',0);
INSERT INTO "videos" VALUES(85,'/static/videos/d11d_V1391090407_033.ogv',1);
INSERT INTO "videos" VALUES(86,'/static/videos/d32dt_V1391088867_977.ogv',2);
INSERT INTO "videos" VALUES(87,'/static/videos/d22d_V1391090419_976.ogv',0);
INSERT INTO "videos" VALUES(88,'/static/videos/d21d_V1391089145_983.ogv',1);
INSERT INTO "videos" VALUES(89,'/static/videos/d21d_V1391161578_999.ogv',1);
INSERT INTO "videos" VALUES(90,'/static/videos/d22d_V1391090751_009.ogv',2);
INSERT INTO "videos" VALUES(91,'/static/videos/d22dt_V1391089501_998.ogv',1);
INSERT INTO "videos" VALUES(92,'/static/videos/d21d_V1391161596_027.ogv',1);
INSERT INTO "videos" VALUES(93,'/static/videos/d31d_V1391088808_993.ogv',0);
INSERT INTO "videos" VALUES(94,'/static/videos/d11dt_V1391089806_059.ogv',1);
INSERT INTO "videos" VALUES(95,'/static/videos/d31dt_V1391090924_983.ogv',0);
INSERT INTO "videos" VALUES(96,'/static/videos/d41dt_V1391160754_011.ogv',0);
INSERT INTO "videos" VALUES(97,'/static/videos/d21d_V1391089297_961.ogv',0);
INSERT INTO "videos" VALUES(98,'/static/videos/d22d_V1391090919_980.ogv',2);
INSERT INTO "videos" VALUES(99,'/static/videos/d22d_V1391161228_012.ogv',0);
INSERT INTO "videos" VALUES(100,'/static/videos/d12d_V1391090747_035.ogv',1);
INSERT INTO "videos" VALUES(101,'/static/videos/d21d_V1391089090_964.ogv',2);
INSERT INTO "videos" VALUES(102,'/static/videos/d13dt_V1391090446_978.ogv',1);
INSERT INTO "videos" VALUES(103,'/static/videos/d21d_V1391089301_997.ogv',1);
INSERT INTO "videos" VALUES(104,'/static/videos/d21d_V1391088327_052.ogv',1);
INSERT INTO "videos" VALUES(105,'/static/videos/d41dt_V1391160758_010.ogv',0);
INSERT INTO "videos" VALUES(106,'/static/videos/d13d_V1391091541_997.ogv',1);
INSERT INTO "videos" VALUES(107,'/static/videos/d21d_V1391161247_003.ogv',0);
INSERT INTO "videos" VALUES(108,'/static/videos/d21d_V1391161583_000.ogv',1);
INSERT INTO "videos" VALUES(109,'/static/videos/d31dt_V1391090432_001.ogv',0);
INSERT INTO "videos" VALUES(110,'/static/videos/d32d_V1391161257_001.ogv',1);
INSERT INTO "videos" VALUES(111,'/static/videos/d21d_V1391090452_037.ogv',1);
INSERT INTO "videos" VALUES(112,'/static/videos/d21d_V1391090647_976.ogv',1);
INSERT INTO "videos" VALUES(113,'/static/videos/d21d_V1391088330_996.ogv',1);
INSERT INTO "videos" VALUES(114,'/static/videos/d12_V1391090608_015.ogv',2);
COMMIT;
