BEGIN TRANSACTION;
CREATE TABLE comparisons (
    comparison_id integer primary key autoincrement not null,
    v1 integer,
    v2 integer,
	winner integer,
	suuid text,
	foreign key(v1) references videos(video_id)
);
INSERT INTO "comparisons" VALUES(1,8,16,16,'08c09657-a43e-4861-899b-9a54ed5a32bb');
INSERT INTO "comparisons" VALUES(2,19,12,12,'08c09657-a43e-4861-899b-9a54ed5a32bb');
INSERT INTO "comparisons" VALUES(3,5,3,5,'08c09657-a43e-4861-899b-9a54ed5a32bb');
INSERT INTO "comparisons" VALUES(4,26,10,26,'08c09657-a43e-4861-899b-9a54ed5a32bb');
INSERT INTO "comparisons" VALUES(5,13,23,23,'08c09657-a43e-4861-899b-9a54ed5a32bb');
INSERT INTO "comparisons" VALUES(6,20,4,20,'08c09657-a43e-4861-899b-9a54ed5a32bb');
INSERT INTO "comparisons" VALUES(7,22,7,22,'08c09657-a43e-4861-899b-9a54ed5a32bb');
INSERT INTO "comparisons" VALUES(8,31,32,32,'08c09657-a43e-4861-899b-9a54ed5a32bb');
INSERT INTO "comparisons" VALUES(9,11,27,11,'08c09657-a43e-4861-899b-9a54ed5a32bb');
INSERT INTO "comparisons" VALUES(10,14,38,14,'08c09657-a43e-4861-899b-9a54ed5a32bb');
INSERT INTO "comparisons" VALUES(11,2,35,35,'08c09657-a43e-4861-899b-9a54ed5a32bb');
INSERT INTO "comparisons" VALUES(12,36,39,36,'08c09657-a43e-4861-899b-9a54ed5a32bb');
INSERT INTO "comparisons" VALUES(13,34,30,30,'08c09657-a43e-4861-899b-9a54ed5a32bb');
INSERT INTO "comparisons" VALUES(14,44,46,44,'08c09657-a43e-4861-899b-9a54ed5a32bb');
INSERT INTO "comparisons" VALUES(15,6,47,47,'08c09657-a43e-4861-899b-9a54ed5a32bb');
INSERT INTO "comparisons" VALUES(16,48,40,40,'08c09657-a43e-4861-899b-9a54ed5a32bb');
INSERT INTO "comparisons" VALUES(17,29,43,43,'08c09657-a43e-4861-899b-9a54ed5a32bb');
INSERT INTO "comparisons" VALUES(18,51,9,9,'08c09657-a43e-4861-899b-9a54ed5a32bb');
INSERT INTO "comparisons" VALUES(19,53,25,53,'08c09657-a43e-4861-899b-9a54ed5a32bb');
INSERT INTO "comparisons" VALUES(20,57,58,58,'08c09657-a43e-4861-899b-9a54ed5a32bb');
INSERT INTO "comparisons" VALUES(21,45,17,45,'08c09657-a43e-4861-899b-9a54ed5a32bb');
INSERT INTO "comparisons" VALUES(22,49,28,28,'08c09657-a43e-4861-899b-9a54ed5a32bb');
INSERT INTO "comparisons" VALUES(23,15,60,60,'08c09657-a43e-4861-899b-9a54ed5a32bb');
INSERT INTO "comparisons" VALUES(24,54,63,63,'08c09657-a43e-4861-899b-9a54ed5a32bb');
INSERT INTO "comparisons" VALUES(25,56,1,1,'08c09657-a43e-4861-899b-9a54ed5a32bb');
INSERT INTO "comparisons" VALUES(26,67,24,24,'08c09657-a43e-4861-899b-9a54ed5a32bb');
INSERT INTO "comparisons" VALUES(27,68,21,68,'08c09657-a43e-4861-899b-9a54ed5a32bb');
INSERT INTO "comparisons" VALUES(28,71,70,71,'08c09657-a43e-4861-899b-9a54ed5a32bb');
INSERT INTO "comparisons" VALUES(29,74,55,74,'08c09657-a43e-4861-899b-9a54ed5a32bb');
INSERT INTO "comparisons" VALUES(30,59,42,59,'08c09657-a43e-4861-899b-9a54ed5a32bb');
INSERT INTO "comparisons" VALUES(31,50,73,73,'08c09657-a43e-4861-899b-9a54ed5a32bb');
INSERT INTO "comparisons" VALUES(32,66,78,78,'08c09657-a43e-4861-899b-9a54ed5a32bb');
INSERT INTO "comparisons" VALUES(33,61,81,81,'08c09657-a43e-4861-899b-9a54ed5a32bb');
INSERT INTO "comparisons" VALUES(34,86,72,72,'08c09657-a43e-4861-899b-9a54ed5a32bb');
INSERT INTO "comparisons" VALUES(35,87,79,87,'08c09657-a43e-4861-899b-9a54ed5a32bb');
INSERT INTO "comparisons" VALUES(36,80,52,80,'08c09657-a43e-4861-899b-9a54ed5a32bb');
INSERT INTO "comparisons" VALUES(37,65,91,91,'08c09657-a43e-4861-899b-9a54ed5a32bb');
INSERT INTO "comparisons" VALUES(38,85,69,85,'08c09657-a43e-4861-899b-9a54ed5a32bb');
INSERT INTO "comparisons" VALUES(39,77,62,62,'08c09657-a43e-4861-899b-9a54ed5a32bb');
INSERT INTO "comparisons" VALUES(40,96,41,41,'08c09657-a43e-4861-899b-9a54ed5a32bb');
INSERT INTO "comparisons" VALUES(41,99,37,99,'08c09657-a43e-4861-899b-9a54ed5a32bb');
INSERT INTO "comparisons" VALUES(42,97,89,97,'08c09657-a43e-4861-899b-9a54ed5a32bb');
INSERT INTO "comparisons" VALUES(43,84,98,84,'08c09657-a43e-4861-899b-9a54ed5a32bb');
INSERT INTO "comparisons" VALUES(44,94,82,94,'08c09657-a43e-4861-899b-9a54ed5a32bb');
INSERT INTO "comparisons" VALUES(45,95,108,95,'08c09657-a43e-4861-899b-9a54ed5a32bb');
INSERT INTO "comparisons" VALUES(46,18,76,76,'08c09657-a43e-4861-899b-9a54ed5a32bb');
INSERT INTO "comparisons" VALUES(47,109,106,109,'08c09657-a43e-4861-899b-9a54ed5a32bb');
INSERT INTO "comparisons" VALUES(48,105,93,93,'08c09657-a43e-4861-899b-9a54ed5a32bb');
INSERT INTO "comparisons" VALUES(49,102,90,102,'08c09657-a43e-4861-899b-9a54ed5a32bb');
INSERT INTO "comparisons" VALUES(50,111,92,92,'08c09657-a43e-4861-899b-9a54ed5a32bb');
INSERT INTO "comparisons" VALUES(51,4,114,114,'08c09657-a43e-4861-899b-9a54ed5a32bb');
INSERT INTO "comparisons" VALUES(52,83,107,83,'08c09657-a43e-4861-899b-9a54ed5a32bb');
INSERT INTO "comparisons" VALUES(53,104,10,104,'08c09657-a43e-4861-899b-9a54ed5a32bb');
INSERT INTO "comparisons" VALUES(54,7,5,7,'08c09657-a43e-4861-899b-9a54ed5a32bb');
INSERT INTO "comparisons" VALUES(55,88,14,88,'08c09657-a43e-4861-899b-9a54ed5a32bb');
INSERT INTO "comparisons" VALUES(56,33,13,33,'08c09657-a43e-4861-899b-9a54ed5a32bb');
INSERT INTO "comparisons" VALUES(57,16,17,16,'08c09657-a43e-4861-899b-9a54ed5a32bb');
INSERT INTO "comparisons" VALUES(58,8,100,100,'08c09657-a43e-4861-899b-9a54ed5a32bb');
INSERT INTO "comparisons" VALUES(59,12,20,12,'08c09657-a43e-4861-899b-9a54ed5a32bb');
INSERT INTO "comparisons" VALUES(60,64,11,64,'08c09657-a43e-4861-899b-9a54ed5a32bb');
INSERT INTO "comparisons" VALUES(61,103,113,103,'08c09657-a43e-4861-899b-9a54ed5a32bb');
INSERT INTO "comparisons" VALUES(62,27,3,3,'08c09657-a43e-4861-899b-9a54ed5a32bb');
INSERT INTO "comparisons" VALUES(63,26,110,110,'08c09657-a43e-4861-899b-9a54ed5a32bb');
INSERT INTO "comparisons" VALUES(64,23,112,112,'08c09657-a43e-4861-899b-9a54ed5a32bb');
INSERT INTO "comparisons" VALUES(65,1,28,1,'08c09657-a43e-4861-899b-9a54ed5a32bb');
INSERT INTO "comparisons" VALUES(66,19,22,19,'08c09657-a43e-4861-899b-9a54ed5a32bb');
INSERT INTO "comparisons" VALUES(67,31,75,75,'08c09657-a43e-4861-899b-9a54ed5a32bb');
INSERT INTO "comparisons" VALUES(68,21,15,21,'08c09657-a43e-4861-899b-9a54ed5a32bb');
INSERT INTO "comparisons" VALUES(69,38,25,38,'08c09657-a43e-4861-899b-9a54ed5a32bb');
INSERT INTO "comparisons" VALUES(70,88,47,47,'08c09657-a43e-4861-899b-9a54ed5a32bb');
INSERT INTO "comparisons" VALUES(71,97,21,97,'08c09657-a43e-4861-899b-9a54ed5a32bb');
INSERT INTO "comparisons" VALUES(72,46,2,46,'08c09657-a43e-4861-899b-9a54ed5a32bb');
INSERT INTO "comparisons" VALUES(73,49,78,78,'08c09657-a43e-4861-899b-9a54ed5a32bb');
INSERT INTO "comparisons" VALUES(74,113,50,50,'08c09657-a43e-4861-899b-9a54ed5a32bb');
INSERT INTO "comparisons" VALUES(75,42,102,102,'08c09657-a43e-4861-899b-9a54ed5a32bb');
INSERT INTO "comparisons" VALUES(76,61,55,55,'08c09657-a43e-4861-899b-9a54ed5a32bb');
INSERT INTO "comparisons" VALUES(77,62,59,59,'08c09657-a43e-4861-899b-9a54ed5a32bb');
INSERT INTO "comparisons" VALUES(78,109,22,22,'08c09657-a43e-4861-899b-9a54ed5a32bb');
INSERT INTO "comparisons" VALUES(79,88,17,88,'08c09657-a43e-4861-899b-9a54ed5a32bb');
INSERT INTO "comparisons" VALUES(80,103,64,103,'08c09657-a43e-4861-899b-9a54ed5a32bb');
INSERT INTO "comparisons" VALUES(81,112,93,112,'08c09657-a43e-4861-899b-9a54ed5a32bb');
INSERT INTO "comparisons" VALUES(82,69,114,114,'08c09657-a43e-4861-899b-9a54ed5a32bb');
INSERT INTO "comparisons" VALUES(83,80,90,80,'08c09657-a43e-4861-899b-9a54ed5a32bb');
INSERT INTO "comparisons" VALUES(84,65,13,65,'08c09657-a43e-4861-899b-9a54ed5a32bb');
INSERT INTO "comparisons" VALUES(85,100,28,100,'08c09657-a43e-4861-899b-9a54ed5a32bb');
INSERT INTO "comparisons" VALUES(86,110,42,110,'08c09657-a43e-4861-899b-9a54ed5a32bb');
INSERT INTO "comparisons" VALUES(87,47,102,47,'08c09657-a43e-4861-899b-9a54ed5a32bb');
INSERT INTO "comparisons" VALUES(88,40,19,40,'08c09657-a43e-4861-899b-9a54ed5a32bb');
INSERT INTO "comparisons" VALUES(89,73,89,73,'08c09657-a43e-4861-899b-9a54ed5a32bb');
INSERT INTO "comparisons" VALUES(90,58,71,58,'08c09657-a43e-4861-899b-9a54ed5a32bb');
INSERT INTO "comparisons" VALUES(91,97,55,97,'08c09657-a43e-4861-899b-9a54ed5a32bb');
INSERT INTO "comparisons" VALUES(92,7,83,83,'08c09657-a43e-4861-899b-9a54ed5a32bb');
INSERT INTO "comparisons" VALUES(93,67,77,67,'08c09657-a43e-4861-899b-9a54ed5a32bb');
INSERT INTO "comparisons" VALUES(94,27,68,68,'08c09657-a43e-4861-899b-9a54ed5a32bb');
INSERT INTO "comparisons" VALUES(95,43,72,72,'08c09657-a43e-4861-899b-9a54ed5a32bb');
INSERT INTO "comparisons" VALUES(96,49,76,76,'08c09657-a43e-4861-899b-9a54ed5a32bb');
INSERT INTO "comparisons" VALUES(97,64,93,93,'08c09657-a43e-4861-899b-9a54ed5a32bb');
INSERT INTO "comparisons" VALUES(98,28,110,28,'08c09657-a43e-4861-899b-9a54ed5a32bb');
INSERT INTO "comparisons" VALUES(99,48,16,48,'08c09657-a43e-4861-899b-9a54ed5a32bb');
INSERT INTO "comparisons" VALUES(100,1,67,1,'08c09657-a43e-4861-899b-9a54ed5a32bb');
INSERT INTO "comparisons" VALUES(101,18,85,85,'08c09657-a43e-4861-899b-9a54ed5a32bb');
INSERT INTO "comparisons" VALUES(102,51,49,51,'08c09657-a43e-4861-899b-9a54ed5a32bb');
INSERT INTO "comparisons" VALUES(103,105,100,100,'08c09657-a43e-4861-899b-9a54ed5a32bb');
INSERT INTO "comparisons" VALUES(104,67,52,67,'08c09657-a43e-4861-899b-9a54ed5a32bb');
INSERT INTO "comparisons" VALUES(105,33,83,33,'08c09657-a43e-4861-899b-9a54ed5a32bb');
INSERT INTO "comparisons" VALUES(106,69,101,69,'08c09657-a43e-4861-899b-9a54ed5a32bb');
INSERT INTO "comparisons" VALUES(107,111,94,94,'08c09657-a43e-4861-899b-9a54ed5a32bb');
INSERT INTO "comparisons" VALUES(108,60,46,60,'08c09657-a43e-4861-899b-9a54ed5a32bb');
INSERT INTO "comparisons" VALUES(109,1,66,66,'08c09657-a43e-4861-899b-9a54ed5a32bb');
INSERT INTO "comparisons" VALUES(110,24,65,24,'08c09657-a43e-4861-899b-9a54ed5a32bb');
INSERT INTO "comparisons" VALUES(111,94,36,94,'08c09657-a43e-4861-899b-9a54ed5a32bb');
INSERT INTO "comparisons" VALUES(112,70,114,114,'08c09657-a43e-4861-899b-9a54ed5a32bb');
INSERT INTO "comparisons" VALUES(113,98,14,14,'08c09657-a43e-4861-899b-9a54ed5a32bb');
INSERT INTO "comparisons" VALUES(114,48,2,48,'08c09657-a43e-4861-899b-9a54ed5a32bb');
INSERT INTO "comparisons" VALUES(115,79,65,65,'08c09657-a43e-4861-899b-9a54ed5a32bb');
INSERT INTO "comparisons" VALUES(116,105,72,72,'08c09657-a43e-4861-899b-9a54ed5a32bb');
INSERT INTO "comparisons" VALUES(117,106,21,106,'08c09657-a43e-4861-899b-9a54ed5a32bb');
INSERT INTO "comparisons" VALUES(118,45,64,45,'08c09657-a43e-4861-899b-9a54ed5a32bb');
INSERT INTO "comparisons" VALUES(119,110,96,96,'08c09657-a43e-4861-899b-9a54ed5a32bb');
INSERT INTO "comparisons" VALUES(120,50,64,50,'08c09657-a43e-4861-899b-9a54ed5a32bb');
INSERT INTO "comparisons" VALUES(121,42,73,73,'08c09657-a43e-4861-899b-9a54ed5a32bb');
INSERT INTO "comparisons" VALUES(122,101,76,76,'08c09657-a43e-4861-899b-9a54ed5a32bb');
INSERT INTO "comparisons" VALUES(123,87,77,77,'08c09657-a43e-4861-899b-9a54ed5a32bb');
INSERT INTO "comparisons" VALUES(124,99,62,99,'08c09657-a43e-4861-899b-9a54ed5a32bb');
INSERT INTO "comparisons" VALUES(125,50,88,88,'08c09657-a43e-4861-899b-9a54ed5a32bb');
INSERT INTO "comparisons" VALUES(126,58,83,83,'08c09657-a43e-4861-899b-9a54ed5a32bb');
INSERT INTO "comparisons" VALUES(127,51,76,76,'08c09657-a43e-4861-899b-9a54ed5a32bb');
INSERT INTO "comparisons" VALUES(128,22,95,22,'08c09657-a43e-4861-899b-9a54ed5a32bb');
INSERT INTO "comparisons" VALUES(129,100,19,19,'08c09657-a43e-4861-899b-9a54ed5a32bb');
INSERT INTO "comparisons" VALUES(130,48,14,48,'08c09657-a43e-4861-899b-9a54ed5a32bb');
INSERT INTO "comparisons" VALUES(131,22,107,22,'08c09657-a43e-4861-899b-9a54ed5a32bb');
INSERT INTO "comparisons" VALUES(132,45,32,32,'08c09657-a43e-4861-899b-9a54ed5a32bb');
INSERT INTO "comparisons" VALUES(133,66,99,99,'08c09657-a43e-4861-899b-9a54ed5a32bb');
INSERT INTO "comparisons" VALUES(134,82,70,82,'08c09657-a43e-4861-899b-9a54ed5a32bb');
INSERT INTO "comparisons" VALUES(135,25,32,25,'08c09657-a43e-4861-899b-9a54ed5a32bb');
INSERT INTO "comparisons" VALUES(136,50,76,76,'08c09657-a43e-4861-899b-9a54ed5a32bb');
INSERT INTO "comparisons" VALUES(137,102,7,7,'08c09657-a43e-4861-899b-9a54ed5a32bb');
INSERT INTO "comparisons" VALUES(138,72,15,72,'08c09657-a43e-4861-899b-9a54ed5a32bb');
INSERT INTO "comparisons" VALUES(139,103,64,103,'08c09657-a43e-4861-899b-9a54ed5a32bb');
INSERT INTO "comparisons" VALUES(140,12,48,48,'08c09657-a43e-4861-899b-9a54ed5a32bb');
INSERT INTO "comparisons" VALUES(141,85,82,82,'08c09657-a43e-4861-899b-9a54ed5a32bb');
INSERT INTO "comparisons" VALUES(142,40,94,40,'4c35663b-1c26-43a7-ba47-723e576a1a19');
INSERT INTO "comparisons" VALUES(143,57,24,24,'4c35663b-1c26-43a7-ba47-723e576a1a19');
INSERT INTO "comparisons" VALUES(144,36,12,12,'4c35663b-1c26-43a7-ba47-723e576a1a19');
INSERT INTO "comparisons" VALUES(145,64,83,83,'4c35663b-1c26-43a7-ba47-723e576a1a19');
INSERT INTO "comparisons" VALUES(146,56,49,56,'62406679-9399-453f-828e-b32723041309');
INSERT INTO "comparisons" VALUES(147,80,100,100,'62406679-9399-453f-828e-b32723041309');
INSERT INTO "comparisons" VALUES(148,96,58,96,'62406679-9399-453f-828e-b32723041309');
INSERT INTO "comparisons" VALUES(149,56,34,56,'62406679-9399-453f-828e-b32723041309');
INSERT INTO "comparisons" VALUES(150,28,38,28,'62406679-9399-453f-828e-b32723041309');
INSERT INTO "comparisons" VALUES(151,105,33,105,'57d7750f-b4a8-4529-a6e0-7a05dd7d9beb');
INSERT INTO "comparisons" VALUES(152,48,110,48,'57d7750f-b4a8-4529-a6e0-7a05dd7d9beb');
INSERT INTO "comparisons" VALUES(153,73,29,73,'57d7750f-b4a8-4529-a6e0-7a05dd7d9beb');
INSERT INTO "comparisons" VALUES(154,22,43,43,'340bcc34-ed4b-4e98-aa11-74c00398ecbf');
INSERT INTO "comparisons" VALUES(155,113,101,101,'340bcc34-ed4b-4e98-aa11-74c00398ecbf');
INSERT INTO "comparisons" VALUES(156,62,91,91,'340bcc34-ed4b-4e98-aa11-74c00398ecbf');
INSERT INTO "comparisons" VALUES(157,93,15,93,'340bcc34-ed4b-4e98-aa11-74c00398ecbf');
INSERT INTO "comparisons" VALUES(158,41,12,12,'340bcc34-ed4b-4e98-aa11-74c00398ecbf');
INSERT INTO "comparisons" VALUES(159,5,71,5,'340bcc34-ed4b-4e98-aa11-74c00398ecbf');
INSERT INTO "comparisons" VALUES(160,26,88,88,'340bcc34-ed4b-4e98-aa11-74c00398ecbf');
INSERT INTO "comparisons" VALUES(161,45,49,45,'340bcc34-ed4b-4e98-aa11-74c00398ecbf');
INSERT INTO "comparisons" VALUES(162,42,94,94,'340bcc34-ed4b-4e98-aa11-74c00398ecbf');
INSERT INTO "comparisons" VALUES(163,58,16,16,'340bcc34-ed4b-4e98-aa11-74c00398ecbf');
INSERT INTO "comparisons" VALUES(164,82,61,82,'340bcc34-ed4b-4e98-aa11-74c00398ecbf');
INSERT INTO "comparisons" VALUES(165,89,25,25,'340bcc34-ed4b-4e98-aa11-74c00398ecbf');
INSERT INTO "comparisons" VALUES(166,76,87,76,'340bcc34-ed4b-4e98-aa11-74c00398ecbf');
INSERT INTO "comparisons" VALUES(167,102,71,71,'340bcc34-ed4b-4e98-aa11-74c00398ecbf');
INSERT INTO "comparisons" VALUES(168,53,76,76,'340bcc34-ed4b-4e98-aa11-74c00398ecbf');
INSERT INTO "comparisons" VALUES(169,111,78,78,'340bcc34-ed4b-4e98-aa11-74c00398ecbf');
INSERT INTO "comparisons" VALUES(170,71,103,71,'340bcc34-ed4b-4e98-aa11-74c00398ecbf');
INSERT INTO "comparisons" VALUES(171,73,15,73,'340bcc34-ed4b-4e98-aa11-74c00398ecbf');
INSERT INTO "comparisons" VALUES(172,102,89,89,'340bcc34-ed4b-4e98-aa11-74c00398ecbf');
INSERT INTO "comparisons" VALUES(173,90,74,74,'340bcc34-ed4b-4e98-aa11-74c00398ecbf');
INSERT INTO "comparisons" VALUES(174,22,48,48,'340bcc34-ed4b-4e98-aa11-74c00398ecbf');
INSERT INTO "comparisons" VALUES(175,66,51,66,'340bcc34-ed4b-4e98-aa11-74c00398ecbf');
INSERT INTO "comparisons" VALUES(176,111,6,6,'340bcc34-ed4b-4e98-aa11-74c00398ecbf');
INSERT INTO "comparisons" VALUES(177,34,82,82,'340bcc34-ed4b-4e98-aa11-74c00398ecbf');
INSERT INTO "comparisons" VALUES(178,88,105,105,'340bcc34-ed4b-4e98-aa11-74c00398ecbf');
INSERT INTO "comparisons" VALUES(179,31,87,31,'340bcc34-ed4b-4e98-aa11-74c00398ecbf');
INSERT INTO "comparisons" VALUES(180,79,70,79,'340bcc34-ed4b-4e98-aa11-74c00398ecbf');
INSERT INTO "comparisons" VALUES(181,8,28,28,'340bcc34-ed4b-4e98-aa11-74c00398ecbf');
INSERT INTO "comparisons" VALUES(182,44,58,58,'340bcc34-ed4b-4e98-aa11-74c00398ecbf');
INSERT INTO "comparisons" VALUES(183,65,9,65,'340bcc34-ed4b-4e98-aa11-74c00398ecbf');
INSERT INTO "comparisons" VALUES(184,2,77,77,'340bcc34-ed4b-4e98-aa11-74c00398ecbf');
INSERT INTO "comparisons" VALUES(185,62,22,22,'340bcc34-ed4b-4e98-aa11-74c00398ecbf');
INSERT INTO "comparisons" VALUES(186,63,28,63,'340bcc34-ed4b-4e98-aa11-74c00398ecbf');
INSERT INTO "comparisons" VALUES(187,56,5,5,'340bcc34-ed4b-4e98-aa11-74c00398ecbf');
INSERT INTO "comparisons" VALUES(188,65,30,30,'340bcc34-ed4b-4e98-aa11-74c00398ecbf');
INSERT INTO "comparisons" VALUES(189,63,32,63,'340bcc34-ed4b-4e98-aa11-74c00398ecbf');
INSERT INTO "comparisons" VALUES(190,23,29,23,'340bcc34-ed4b-4e98-aa11-74c00398ecbf');
INSERT INTO "comparisons" VALUES(191,83,91,91,'340bcc34-ed4b-4e98-aa11-74c00398ecbf');
INSERT INTO "comparisons" VALUES(192,104,22,104,'340bcc34-ed4b-4e98-aa11-74c00398ecbf');
INSERT INTO "comparisons" VALUES(193,58,57,58,'340bcc34-ed4b-4e98-aa11-74c00398ecbf');
INSERT INTO "comparisons" VALUES(194,103,106,103,'340bcc34-ed4b-4e98-aa11-74c00398ecbf');
INSERT INTO "comparisons" VALUES(195,69,24,24,'340bcc34-ed4b-4e98-aa11-74c00398ecbf');
INSERT INTO "comparisons" VALUES(196,83,46,83,'340bcc34-ed4b-4e98-aa11-74c00398ecbf');
INSERT INTO "comparisons" VALUES(197,40,12,12,'340bcc34-ed4b-4e98-aa11-74c00398ecbf');
INSERT INTO "comparisons" VALUES(198,67,56,56,'340bcc34-ed4b-4e98-aa11-74c00398ecbf');
INSERT INTO "comparisons" VALUES(199,75,53,53,'340bcc34-ed4b-4e98-aa11-74c00398ecbf');
INSERT INTO "comparisons" VALUES(200,100,79,100,'340bcc34-ed4b-4e98-aa11-74c00398ecbf');
INSERT INTO "comparisons" VALUES(201,22,68,68,'340bcc34-ed4b-4e98-aa11-74c00398ecbf');
INSERT INTO "comparisons" VALUES(202,44,101,101,'340bcc34-ed4b-4e98-aa11-74c00398ecbf');
INSERT INTO "comparisons" VALUES(203,95,67,95,'340bcc34-ed4b-4e98-aa11-74c00398ecbf');
INSERT INTO "comparisons" VALUES(204,103,18,103,'340bcc34-ed4b-4e98-aa11-74c00398ecbf');
INSERT INTO "comparisons" VALUES(205,2,97,2,'340bcc34-ed4b-4e98-aa11-74c00398ecbf');
INSERT INTO "comparisons" VALUES(206,114,42,114,'340bcc34-ed4b-4e98-aa11-74c00398ecbf');
INSERT INTO "comparisons" VALUES(207,105,53,53,'340bcc34-ed4b-4e98-aa11-74c00398ecbf');
INSERT INTO "comparisons" VALUES(208,9,98,9,'340bcc34-ed4b-4e98-aa11-74c00398ecbf');
INSERT INTO "comparisons" VALUES(209,43,67,43,'340bcc34-ed4b-4e98-aa11-74c00398ecbf');
INSERT INTO "comparisons" VALUES(210,83,60,83,'340bcc34-ed4b-4e98-aa11-74c00398ecbf');
INSERT INTO "comparisons" VALUES(211,80,36,80,'340bcc34-ed4b-4e98-aa11-74c00398ecbf');
INSERT INTO "comparisons" VALUES(212,99,1,1,'340bcc34-ed4b-4e98-aa11-74c00398ecbf');
INSERT INTO "comparisons" VALUES(213,60,6,6,'340bcc34-ed4b-4e98-aa11-74c00398ecbf');
INSERT INTO "comparisons" VALUES(214,28,83,28,'340bcc34-ed4b-4e98-aa11-74c00398ecbf');
INSERT INTO "comparisons" VALUES(215,67,66,67,'340bcc34-ed4b-4e98-aa11-74c00398ecbf');
INSERT INTO "comparisons" VALUES(216,81,66,66,'340bcc34-ed4b-4e98-aa11-74c00398ecbf');
INSERT INTO "comparisons" VALUES(217,82,25,82,'22021d68-b490-4a8d-ba6c-d1b0e5b42167');
INSERT INTO "comparisons" VALUES(218,61,73,73,'22021d68-b490-4a8d-ba6c-d1b0e5b42167');
INSERT INTO "comparisons" VALUES(219,51,1,1,'d32dcdc9-f51b-4cb9-94c1-0418d2216511');
INSERT INTO "comparisons" VALUES(220,7,36,7,'d32dcdc9-f51b-4cb9-94c1-0418d2216511');
INSERT INTO "comparisons" VALUES(221,67,62,62,'d32dcdc9-f51b-4cb9-94c1-0418d2216511');
INSERT INTO "comparisons" VALUES(222,29,81,29,'d32dcdc9-f51b-4cb9-94c1-0418d2216511');
INSERT INTO "comparisons" VALUES(223,41,110,110,'c1bea24f-3281-40b4-8be8-3fd024c3728d');
INSERT INTO "comparisons" VALUES(224,3,47,47,'c1bea24f-3281-40b4-8be8-3fd024c3728d');
CREATE TABLE sessions (
    session_id integer primary key autoincrement not null,
    suuid text,
	user_id integer,
    start_time text,
	foreign key(suuid) references comparisons(suuid)
);
INSERT INTO "sessions" VALUES(1,'08c09657-a43e-4861-899b-9a54ed5a32bb',1,'2015-07-13 15:26:33.769634');
INSERT INTO "sessions" VALUES(2,'4c35663b-1c26-43a7-ba47-723e576a1a19',1,'2015-07-13 18:04:37.499845');
INSERT INTO "sessions" VALUES(3,'62406679-9399-453f-828e-b32723041309',1,'2015-07-13 18:29:58.018784');
INSERT INTO "sessions" VALUES(4,'57d7750f-b4a8-4529-a6e0-7a05dd7d9beb',1,'2015-07-13 19:12:45.115858');
INSERT INTO "sessions" VALUES(5,'340bcc34-ed4b-4e98-aa11-74c00398ecbf',1,'2015-07-13 19:15:56.818710');
INSERT INTO "sessions" VALUES(6,'22021d68-b490-4a8d-ba6c-d1b0e5b42167',1,'2015-07-17 10:13:46.615534');
INSERT INTO "sessions" VALUES(7,'f2ee4bdf-bffb-4c93-976d-cce425d25f93',1,'2015-07-17 11:16:06.717877');
INSERT INTO "sessions" VALUES(8,'d32dcdc9-f51b-4cb9-94c1-0418d2216511',1,'2015-07-17 11:23:28.553102');
INSERT INTO "sessions" VALUES(9,'c1bea24f-3281-40b4-8be8-3fd024c3728d',1,'2016-06-08 12:57:37.552299');
DELETE FROM "sqlite_sequence";
INSERT INTO "sqlite_sequence" VALUES('videos',114);
INSERT INTO "sqlite_sequence" VALUES('users',2);
INSERT INTO "sqlite_sequence" VALUES('sessions',9);
INSERT INTO "sqlite_sequence" VALUES('comparisons',224);
CREATE TABLE users (
    user_id integer primary key autoincrement not null,
    username text,
    password text,
	foreign key(user_id) references sessions(user_id)
);
INSERT INTO "users" VALUES(1,'admin','admin');
INSERT INTO "users" VALUES(2,'user1','superpassword');
CREATE TABLE videos (
    video_id integer primary key autoincrement not null,
    filepath text not null,
	num_comparisons	integer
);
INSERT INTO "videos" VALUES(1,'/static/videos/d13d_V1391090558_985.ogv',6);
INSERT INTO "videos" VALUES(2,'/static/videos/d12d_V1391161450_030.ogv',5);
INSERT INTO "videos" VALUES(3,'/static/videos/d11d_V1391090407_033.ogv',3);
INSERT INTO "videos" VALUES(4,'/static/videos/d11d_V1391090953_968.ogv',2);
INSERT INTO "videos" VALUES(5,'/static/videos/d32dt_V1391088867_977.ogv',4);
INSERT INTO "videos" VALUES(6,'/static/videos/d21d_V1391089090_964.ogv',3);
INSERT INTO "videos" VALUES(7,'/static/videos/d11d_V1391089190_961.ogv',5);
INSERT INTO "videos" VALUES(8,'/static/videos/d21d_V1391089301_997.ogv',3);
INSERT INTO "videos" VALUES(9,'/static/videos/d21d_V1391089161_003.ogv',3);
INSERT INTO "videos" VALUES(10,'/static/videos/d11d_V1391089869_985.ogv',2);
INSERT INTO "videos" VALUES(11,'/static/videos/d21d_V1391160921_009.ogv',2);
INSERT INTO "videos" VALUES(12,'/static/videos/d12d_V1391090716_992.ogv',6);
INSERT INTO "videos" VALUES(13,'/static/videos/d11d_V1391089173_980.ogv',3);
INSERT INTO "videos" VALUES(14,'/static/videos/d13dt_V1391090446_978.ogv',4);
INSERT INTO "videos" VALUES(15,'/static/videos/d11dt_V1391160781_008.ogv',5);
INSERT INTO "videos" VALUES(16,'/static/videos/d31d_V1391090412_987.ogv',4);
INSERT INTO "videos" VALUES(17,'/static/videos/d11dt_V1391089806_059.ogv',3);
INSERT INTO "videos" VALUES(18,'/static/videos/d11d_V1391090986_976.ogv',3);
INSERT INTO "videos" VALUES(19,'/static/videos/d12d_V1391090599_058.ogv',4);
INSERT INTO "videos" VALUES(20,'/static/videos/d13d_V1391091201_995.ogv',2);
INSERT INTO "videos" VALUES(21,'/static/videos/d11d_V1391160908_014.ogv',4);
INSERT INTO "videos" VALUES(22,'/static/videos/d31d_V1391091141_992.ogv',10);
INSERT INTO "videos" VALUES(23,'/static/videos/d41dt_V1391160750_015.ogv',3);
INSERT INTO "videos" VALUES(24,'/static/videos/d22d_V1391090751_009.ogv',4);
INSERT INTO "videos" VALUES(25,'/static/videos/d32d_V1391089618_019.ogv',5);
INSERT INTO "videos" VALUES(26,'/static/videos/d21d_V1391090647_976.ogv',3);
INSERT INTO "videos" VALUES(27,'/static/videos/d12d_V1391089081_990.ogv',3);
INSERT INTO "videos" VALUES(28,'/static/videos/d21d_V1391161251_002.ogv',8);
INSERT INTO "videos" VALUES(29,'/static/videos/d21d_V1391089145_983.ogv',4);
INSERT INTO "videos" VALUES(30,'/static/videos/d21d_V1391160727_024.ogv',2);
INSERT INTO "videos" VALUES(31,'/static/videos/d21d_V1391088295_974.ogv',3);
INSERT INTO "videos" VALUES(32,'/static/videos/d21d_V1391091403_996.ogv',4);
INSERT INTO "videos" VALUES(33,'/static/videos/d31d_V1391088808_993.ogv',3);
INSERT INTO "videos" VALUES(34,'/static/videos/d11d_V1391160670_995.ogv',3);
INSERT INTO "videos" VALUES(35,'/static/videos/d31d_V1391091133_995.ogv',1);
INSERT INTO "videos" VALUES(36,'/static/videos/d21d_V1391089811_991.ogv',5);
INSERT INTO "videos" VALUES(37,'/static/videos/d23d_V1391090482_027.ogv',1);
INSERT INTO "videos" VALUES(38,'/static/videos/d21d_V1391160865_992.ogv',3);
INSERT INTO "videos" VALUES(39,'/static/videos/d12d_V1391090747_035.ogv',1);
INSERT INTO "videos" VALUES(40,'/static/videos/d22d_V1391161232_006.ogv',4);
INSERT INTO "videos" VALUES(41,'/static/videos/d21d_V1391088338_989.ogv',3);
INSERT INTO "videos" VALUES(42,'/static/videos/d11d_V1391088320_977.ogv',6);
INSERT INTO "videos" VALUES(43,'/static/videos/d32d_V1391090945_992.ogv',4);
INSERT INTO "videos" VALUES(44,'/static/videos/d32dt_V1391089778_007.ogv',3);
INSERT INTO "videos" VALUES(45,'/static/videos/d31d_V1391091145_961.ogv',4);
INSERT INTO "videos" VALUES(46,'/static/videos/d41d_V1391088287_019.ogv',4);
INSERT INTO "videos" VALUES(47,'/static/videos/d41dt_V1391160754_011.ogv',4);
INSERT INTO "videos" VALUES(48,'/static/videos/d21d_V1391089399_040.ogv',7);
INSERT INTO "videos" VALUES(49,'/static/videos/d31dt_V1391088313_974.ogv',6);
INSERT INTO "videos" VALUES(50,'/static/videos/d31dt_V1391090432_001.ogv',5);
INSERT INTO "videos" VALUES(51,'/static/videos/d11dt_V1391160777_011.ogv',5);
INSERT INTO "videos" VALUES(52,'/static/videos/d22d_V1391161228_012.ogv',2);
INSERT INTO "videos" VALUES(53,'/static/videos/d41d_V1391089271_986.ogv',4);
INSERT INTO "videos" VALUES(54,'/static/videos/d12_V1391090608_015.ogv',1);
INSERT INTO "videos" VALUES(55,'/static/videos/d31d_V1391089260_965.ogv',3);
INSERT INTO "videos" VALUES(56,'/static/videos/d32d_V1391091483_017.ogv',5);
INSERT INTO "videos" VALUES(57,'/static/videos/d12d_V1391090594_976.ogv',3);
INSERT INTO "videos" VALUES(58,'/static/videos/d31dt_V1391090427_977.ogv',7);
INSERT INTO "videos" VALUES(59,'/static/videos/d31d_V1391091038_973.ogv',2);
INSERT INTO "videos" VALUES(60,'/static/videos/d13d_V1391091541_997.ogv',4);
INSERT INTO "videos" VALUES(61,'/static/videos/d11d_V1391089511_992.ogv',4);
INSERT INTO "videos" VALUES(62,'/static/videos/d31d_V1391091129_993.ogv',6);
INSERT INTO "videos" VALUES(63,'/static/videos/d23d_V1391090477_976.ogv',3);
INSERT INTO "videos" VALUES(64,'/static/videos/d21d_V1391160916_991.ogv',7);
INSERT INTO "videos" VALUES(65,'/static/videos/d11d_V1391089227_008.ogv',6);
INSERT INTO "videos" VALUES(66,'/static/videos/d41d_V1391089267_972.ogv',6);
INSERT INTO "videos" VALUES(67,'/static/videos/d12d_V1391090695_974.ogv',9);
INSERT INTO "videos" VALUES(68,'/static/videos/d21d_V1391090452_037.ogv',3);
INSERT INTO "videos" VALUES(69,'/static/videos/d11d_V1391088279_038.ogv',4);
INSERT INTO "videos" VALUES(70,'/static/videos/d11d_V1391089230_989.ogv',4);
INSERT INTO "videos" VALUES(71,'/static/videos/d21d_V1391088961_985.ogv',5);
INSERT INTO "videos" VALUES(72,'/static/videos/d21d_V1391089417_986.ogv',4);
INSERT INTO "videos" VALUES(73,'/static/videos/d31d_V1391089434_021.ogv',6);
INSERT INTO "videos" VALUES(74,'/static/videos/d31d_V1391091286_997.ogv',2);
INSERT INTO "videos" VALUES(75,'/static/videos/d21dt_V1391161847_006.ogv',2);
INSERT INTO "videos" VALUES(76,'/static/videos/d31d_V1391091137_988.ogv',7);
INSERT INTO "videos" VALUES(77,'/static/videos/d21d_V1391161578_999.ogv',4);
INSERT INTO "videos" VALUES(78,'/static/videos/d31d_V1391091188_992.ogv',3);
INSERT INTO "videos" VALUES(79,'/static/videos/d11dt_V1391160773_012.ogv',4);
INSERT INTO "videos" VALUES(80,'/static/videos/d22dt_V1391089501_998.ogv',4);
INSERT INTO "videos" VALUES(81,'/static/videos/d21d_V1391088825_975.ogv',3);
INSERT INTO "videos" VALUES(82,'/static/videos/d13d_V1391090669_975.ogv',6);
INSERT INTO "videos" VALUES(83,'/static/videos/d13d_V1391091357_997.ogv',9);
INSERT INTO "videos" VALUES(84,'/static/videos/d21d_V1391089372_968.ogv',1);
INSERT INTO "videos" VALUES(85,'/static/videos/d21d_V1391088330_996.ogv',3);
INSERT INTO "videos" VALUES(86,'/static/videos/d33d_V1391088805_018.ogv',1);
INSERT INTO "videos" VALUES(87,'/static/videos/d21d_V1391161596_027.ogv',4);
INSERT INTO "videos" VALUES(88,'/static/videos/d31dt_V1391088310_004.ogv',6);
INSERT INTO "videos" VALUES(89,'/static/videos/d21d_V1391088334_966.ogv',4);
INSERT INTO "videos" VALUES(90,'/static/videos/d21d_V1391161583_000.ogv',3);
INSERT INTO "videos" VALUES(91,'/static/videos/d32d_V1391088291_994.ogv',3);
INSERT INTO "videos" VALUES(92,'/static/videos/d22d_V1391090919_980.ogv',1);
INSERT INTO "videos" VALUES(93,'/static/videos/d14d_V1391090706_989.ogv',4);
INSERT INTO "videos" VALUES(94,'/static/videos/d21d_V1391088327_052.ogv',5);
INSERT INTO "videos" VALUES(95,'/static/videos/d23d_V1391090711_994.ogv',3);
INSERT INTO "videos" VALUES(96,'/static/videos/d41dt_V1391160758_010.ogv',3);
INSERT INTO "videos" VALUES(97,'/static/videos/d31dt_V1391090924_983.ogv',4);
INSERT INTO "videos" VALUES(98,'/static/videos/d21dt_V1391089896_024.ogv',3);
INSERT INTO "videos" VALUES(99,'/static/videos/d41dt_V1391160762_012.ogv',4);
INSERT INTO "videos" VALUES(100,'/static/videos/d21dt_V1391161050_012.ogv',6);
INSERT INTO "videos" VALUES(101,'/static/videos/d22d_V1391091193_976.ogv',4);
INSERT INTO "videos" VALUES(102,'/static/videos/d21d_V1391089142_021.ogv',6);
INSERT INTO "videos" VALUES(103,'/static/videos/d32dt_V1391088863_988.ogv',6);
INSERT INTO "videos" VALUES(104,'/static/videos/d31dt_V1391161162_022.ogv',2);
INSERT INTO "videos" VALUES(105,'/static/videos/d21d_V1391089297_961.ogv',6);
INSERT INTO "videos" VALUES(106,'/static/videos/d12d_V1391161454_031.ogv',3);
INSERT INTO "videos" VALUES(107,'/static/videos/d12d_V1391090657_984.ogv',2);
INSERT INTO "videos" VALUES(108,'/static/videos/d31d_V1391161819_012.ogv',1);
INSERT INTO "videos" VALUES(109,'/static/videos/d41d_V1391088812_997.ogv',2);
INSERT INTO "videos" VALUES(110,'/static/videos/d21d_V1391161247_003.ogv',6);
INSERT INTO "videos" VALUES(111,'/static/videos/d11d_V1391160674_995.ogv',4);
INSERT INTO "videos" VALUES(112,'/static/videos/d22d_V1391090419_976.ogv',2);
INSERT INTO "videos" VALUES(113,'/static/videos/d32d_V1391161257_001.ogv',3);
INSERT INTO "videos" VALUES(114,'/static/videos/d32dt_V1391089773_981.ogv',4);
COMMIT;
