BEGIN TRANSACTION;
CREATE TABLE comparisons (
    comparison_id integer primary key autoincrement not null,
    v1 integer,
    v2 integer,
	winner integer,
	suuid text,
	foreign key(v1) references videos(video_id)
);
INSERT INTO "comparisons" VALUES(1,98,7,98,'5e69b516-c4b4-44d7-a687-3f661c8dd811');
INSERT INTO "comparisons" VALUES(2,13,72,72,'5e69b516-c4b4-44d7-a687-3f661c8dd811');
INSERT INTO "comparisons" VALUES(3,77,49,77,'5e69b516-c4b4-44d7-a687-3f661c8dd811');
INSERT INTO "comparisons" VALUES(4,14,93,93,'5e69b516-c4b4-44d7-a687-3f661c8dd811');
INSERT INTO "comparisons" VALUES(5,17,71,17,'5e69b516-c4b4-44d7-a687-3f661c8dd811');
INSERT INTO "comparisons" VALUES(6,34,103,103,'5e69b516-c4b4-44d7-a687-3f661c8dd811');
INSERT INTO "comparisons" VALUES(7,89,85,89,'5e69b516-c4b4-44d7-a687-3f661c8dd811');
INSERT INTO "comparisons" VALUES(8,66,33,66,'5e69b516-c4b4-44d7-a687-3f661c8dd811');
INSERT INTO "comparisons" VALUES(9,24,53,53,'5e69b516-c4b4-44d7-a687-3f661c8dd811');
INSERT INTO "comparisons" VALUES(10,110,67,67,'5e69b516-c4b4-44d7-a687-3f661c8dd811');
INSERT INTO "comparisons" VALUES(11,60,10,60,'5e69b516-c4b4-44d7-a687-3f661c8dd811');
INSERT INTO "comparisons" VALUES(12,78,15,15,'5e69b516-c4b4-44d7-a687-3f661c8dd811');
INSERT INTO "comparisons" VALUES(13,75,48,48,'5e69b516-c4b4-44d7-a687-3f661c8dd811');
INSERT INTO "comparisons" VALUES(14,23,20,20,'5e69b516-c4b4-44d7-a687-3f661c8dd811');
INSERT INTO "comparisons" VALUES(15,106,3,106,'5e69b516-c4b4-44d7-a687-3f661c8dd811');
INSERT INTO "comparisons" VALUES(16,44,104,44,'5e69b516-c4b4-44d7-a687-3f661c8dd811');
INSERT INTO "comparisons" VALUES(17,30,36,36,'5e69b516-c4b4-44d7-a687-3f661c8dd811');
INSERT INTO "comparisons" VALUES(18,58,4,58,'5e69b516-c4b4-44d7-a687-3f661c8dd811');
INSERT INTO "comparisons" VALUES(19,6,70,70,'5e69b516-c4b4-44d7-a687-3f661c8dd811');
INSERT INTO "comparisons" VALUES(20,102,113,102,'5e69b516-c4b4-44d7-a687-3f661c8dd811');
INSERT INTO "comparisons" VALUES(21,63,79,79,'5e69b516-c4b4-44d7-a687-3f661c8dd811');
INSERT INTO "comparisons" VALUES(22,1,45,45,'5e69b516-c4b4-44d7-a687-3f661c8dd811');
INSERT INTO "comparisons" VALUES(23,28,69,69,'5e69b516-c4b4-44d7-a687-3f661c8dd811');
INSERT INTO "comparisons" VALUES(24,54,111,54,'5e69b516-c4b4-44d7-a687-3f661c8dd811');
INSERT INTO "comparisons" VALUES(25,18,27,27,'5e69b516-c4b4-44d7-a687-3f661c8dd811');
INSERT INTO "comparisons" VALUES(26,99,51,99,'5e69b516-c4b4-44d7-a687-3f661c8dd811');
INSERT INTO "comparisons" VALUES(27,25,90,25,'5e69b516-c4b4-44d7-a687-3f661c8dd811');
INSERT INTO "comparisons" VALUES(28,50,61,61,'5e69b516-c4b4-44d7-a687-3f661c8dd811');
INSERT INTO "comparisons" VALUES(29,55,26,26,'5e69b516-c4b4-44d7-a687-3f661c8dd811');
INSERT INTO "comparisons" VALUES(30,97,2,97,'5e69b516-c4b4-44d7-a687-3f661c8dd811');
INSERT INTO "comparisons" VALUES(31,39,8,8,'5e69b516-c4b4-44d7-a687-3f661c8dd811');
INSERT INTO "comparisons" VALUES(32,95,87,95,'5e69b516-c4b4-44d7-a687-3f661c8dd811');
INSERT INTO "comparisons" VALUES(33,52,40,40,'5e69b516-c4b4-44d7-a687-3f661c8dd811');
INSERT INTO "comparisons" VALUES(34,59,68,68,'5e69b516-c4b4-44d7-a687-3f661c8dd811');
INSERT INTO "comparisons" VALUES(35,81,57,57,'5e69b516-c4b4-44d7-a687-3f661c8dd811');
INSERT INTO "comparisons" VALUES(36,114,21,21,'5e69b516-c4b4-44d7-a687-3f661c8dd811');
INSERT INTO "comparisons" VALUES(37,32,92,92,'5e69b516-c4b4-44d7-a687-3f661c8dd811');
INSERT INTO "comparisons" VALUES(38,62,65,65,'5e69b516-c4b4-44d7-a687-3f661c8dd811');
INSERT INTO "comparisons" VALUES(39,100,94,94,'5e69b516-c4b4-44d7-a687-3f661c8dd811');
INSERT INTO "comparisons" VALUES(40,96,101,96,'5e69b516-c4b4-44d7-a687-3f661c8dd811');
INSERT INTO "comparisons" VALUES(41,105,64,105,'5e69b516-c4b4-44d7-a687-3f661c8dd811');
INSERT INTO "comparisons" VALUES(42,35,43,35,'5e69b516-c4b4-44d7-a687-3f661c8dd811');
INSERT INTO "comparisons" VALUES(43,42,41,42,'5e69b516-c4b4-44d7-a687-3f661c8dd811');
INSERT INTO "comparisons" VALUES(44,9,88,9,'5e69b516-c4b4-44d7-a687-3f661c8dd811');
INSERT INTO "comparisons" VALUES(45,86,109,86,'5e69b516-c4b4-44d7-a687-3f661c8dd811');
INSERT INTO "comparisons" VALUES(46,74,56,74,'5e69b516-c4b4-44d7-a687-3f661c8dd811');
INSERT INTO "comparisons" VALUES(47,47,73,47,'5e69b516-c4b4-44d7-a687-3f661c8dd811');
INSERT INTO "comparisons" VALUES(48,29,5,29,'5e69b516-c4b4-44d7-a687-3f661c8dd811');
INSERT INTO "comparisons" VALUES(49,12,82,12,'5e69b516-c4b4-44d7-a687-3f661c8dd811');
INSERT INTO "comparisons" VALUES(50,76,108,76,'5e69b516-c4b4-44d7-a687-3f661c8dd811');
INSERT INTO "comparisons" VALUES(51,16,22,22,'5e69b516-c4b4-44d7-a687-3f661c8dd811');
INSERT INTO "comparisons" VALUES(52,31,37,31,'5e69b516-c4b4-44d7-a687-3f661c8dd811');
INSERT INTO "comparisons" VALUES(53,38,80,38,'5e69b516-c4b4-44d7-a687-3f661c8dd811');
INSERT INTO "comparisons" VALUES(54,83,11,11,'9603a322-4571-4193-aa0b-e96f9c49702a');
INSERT INTO "comparisons" VALUES(55,84,107,107,'9603a322-4571-4193-aa0b-e96f9c49702a');
INSERT INTO "comparisons" VALUES(56,46,19,46,'9603a322-4571-4193-aa0b-e96f9c49702a');
INSERT INTO "comparisons" VALUES(57,91,112,112,'9603a322-4571-4193-aa0b-e96f9c49702a');
INSERT INTO "comparisons" VALUES(58,102,22,22,'9603a322-4571-4193-aa0b-e96f9c49702a');
INSERT INTO "comparisons" VALUES(59,98,73,98,'9603a322-4571-4193-aa0b-e96f9c49702a');
INSERT INTO "comparisons" VALUES(60,111,64,111,'9603a322-4571-4193-aa0b-e96f9c49702a');
INSERT INTO "comparisons" VALUES(61,20,14,20,'9603a322-4571-4193-aa0b-e96f9c49702a');
INSERT INTO "comparisons" VALUES(62,63,108,63,'9603a322-4571-4193-aa0b-e96f9c49702a');
INSERT INTO "comparisons" VALUES(63,29,37,37,'9603a322-4571-4193-aa0b-e96f9c49702a');
INSERT INTO "comparisons" VALUES(64,85,61,61,'9603a322-4571-4193-aa0b-e96f9c49702a');
INSERT INTO "comparisons" VALUES(65,107,34,107,'9603a322-4571-4193-aa0b-e96f9c49702a');
INSERT INTO "comparisons" VALUES(66,50,90,50,'9603a322-4571-4193-aa0b-e96f9c49702a');
INSERT INTO "comparisons" VALUES(67,60,65,65,'9603a322-4571-4193-aa0b-e96f9c49702a');
INSERT INTO "comparisons" VALUES(68,41,48,48,'9603a322-4571-4193-aa0b-e96f9c49702a');
INSERT INTO "comparisons" VALUES(69,52,69,69,'9603a322-4571-4193-aa0b-e96f9c49702a');
INSERT INTO "comparisons" VALUES(70,44,88,44,'9603a322-4571-4193-aa0b-e96f9c49702a');
INSERT INTO "comparisons" VALUES(71,13,1,1,'9603a322-4571-4193-aa0b-e96f9c49702a');
INSERT INTO "comparisons" VALUES(72,59,103,103,'9603a322-4571-4193-aa0b-e96f9c49702a');
INSERT INTO "comparisons" VALUES(73,18,74,74,'9603a322-4571-4193-aa0b-e96f9c49702a');
INSERT INTO "comparisons" VALUES(74,71,42,42,'9603a322-4571-4193-aa0b-e96f9c49702a');
INSERT INTO "comparisons" VALUES(75,9,79,79,'9dc0273a-0f51-4787-9ff3-38b2b3d9c21f');
INSERT INTO "comparisons" VALUES(76,35,101,101,'9dc0273a-0f51-4787-9ff3-38b2b3d9c21f');
INSERT INTO "comparisons" VALUES(77,24,94,24,'9dc0273a-0f51-4787-9ff3-38b2b3d9c21f');
INSERT INTO "comparisons" VALUES(78,11,72,11,'9dc0273a-0f51-4787-9ff3-38b2b3d9c21f');
INSERT INTO "comparisons" VALUES(79,15,66,66,'9dc0273a-0f51-4787-9ff3-38b2b3d9c21f');
INSERT INTO "comparisons" VALUES(80,15,66,66,'9dc0273a-0f51-4787-9ff3-38b2b3d9c21f');
INSERT INTO "comparisons" VALUES(81,54,86,86,'9dc0273a-0f51-4787-9ff3-38b2b3d9c21f');
INSERT INTO "comparisons" VALUES(82,43,16,16,'9dc0273a-0f51-4787-9ff3-38b2b3d9c21f');
INSERT INTO "comparisons" VALUES(83,112,70,70,'9dc0273a-0f51-4787-9ff3-38b2b3d9c21f');
INSERT INTO "comparisons" VALUES(84,81,51,81,'9dc0273a-0f51-4787-9ff3-38b2b3d9c21f');
INSERT INTO "comparisons" VALUES(85,7,46,46,'9dc0273a-0f51-4787-9ff3-38b2b3d9c21f');
INSERT INTO "comparisons" VALUES(86,84,114,84,'9dc0273a-0f51-4787-9ff3-38b2b3d9c21f');
INSERT INTO "comparisons" VALUES(87,25,91,91,'9dc0273a-0f51-4787-9ff3-38b2b3d9c21f');
INSERT INTO "comparisons" VALUES(88,109,87,87,'a89f8e10-9a0c-4a1f-8645-86548c2dea7c');
INSERT INTO "comparisons" VALUES(89,58,76,58,'a89f8e10-9a0c-4a1f-8645-86548c2dea7c');
INSERT INTO "comparisons" VALUES(90,5,28,5,'d1a3f764-7eaf-402e-be6c-882d6dd159ed');
INSERT INTO "comparisons" VALUES(91,6,105,105,'d1a3f764-7eaf-402e-be6c-882d6dd159ed');
INSERT INTO "comparisons" VALUES(92,92,75,92,'d1a3f764-7eaf-402e-be6c-882d6dd159ed');
INSERT INTO "comparisons" VALUES(93,67,62,67,'d1a3f764-7eaf-402e-be6c-882d6dd159ed');
INSERT INTO "comparisons" VALUES(94,97,56,56,'d1a3f764-7eaf-402e-be6c-882d6dd159ed');
INSERT INTO "comparisons" VALUES(95,32,45,32,'d1a3f764-7eaf-402e-be6c-882d6dd159ed');
INSERT INTO "comparisons" VALUES(96,100,4,100,'d1a3f764-7eaf-402e-be6c-882d6dd159ed');
INSERT INTO "comparisons" VALUES(97,33,17,17,'d1a3f764-7eaf-402e-be6c-882d6dd159ed');
INSERT INTO "comparisons" VALUES(98,55,36,36,'d1a3f764-7eaf-402e-be6c-882d6dd159ed');
INSERT INTO "comparisons" VALUES(99,47,19,19,'d1a3f764-7eaf-402e-be6c-882d6dd159ed');
INSERT INTO "comparisons" VALUES(100,23,77,77,'d1a3f764-7eaf-402e-be6c-882d6dd159ed');
INSERT INTO "comparisons" VALUES(101,104,10,10,'d1a3f764-7eaf-402e-be6c-882d6dd159ed');
INSERT INTO "comparisons" VALUES(102,110,68,68,'d1a3f764-7eaf-402e-be6c-882d6dd159ed');
INSERT INTO "comparisons" VALUES(103,38,26,26,'d1a3f764-7eaf-402e-be6c-882d6dd159ed');
INSERT INTO "comparisons" VALUES(104,30,12,12,'d1a3f764-7eaf-402e-be6c-882d6dd159ed');
INSERT INTO "comparisons" VALUES(105,27,83,83,'d1a3f764-7eaf-402e-be6c-882d6dd159ed');
INSERT INTO "comparisons" VALUES(106,80,21,80,'d1a3f764-7eaf-402e-be6c-882d6dd159ed');
INSERT INTO "comparisons" VALUES(107,89,113,113,'d1a3f764-7eaf-402e-be6c-882d6dd159ed');
INSERT INTO "comparisons" VALUES(108,49,99,49,'d1a3f764-7eaf-402e-be6c-882d6dd159ed');
INSERT INTO "comparisons" VALUES(109,3,93,93,'d1a3f764-7eaf-402e-be6c-882d6dd159ed');
INSERT INTO "comparisons" VALUES(110,8,39,8,'d1a3f764-7eaf-402e-be6c-882d6dd159ed');
INSERT INTO "comparisons" VALUES(111,31,57,31,'d1a3f764-7eaf-402e-be6c-882d6dd159ed');
INSERT INTO "comparisons" VALUES(112,95,78,95,'d1a3f764-7eaf-402e-be6c-882d6dd159ed');
INSERT INTO "comparisons" VALUES(113,53,82,53,'d1a3f764-7eaf-402e-be6c-882d6dd159ed');
INSERT INTO "comparisons" VALUES(114,40,106,106,'d1a3f764-7eaf-402e-be6c-882d6dd159ed');
INSERT INTO "comparisons" VALUES(115,2,96,96,'d1a3f764-7eaf-402e-be6c-882d6dd159ed');
INSERT INTO "comparisons" VALUES(116,55,94,94,'d1a3f764-7eaf-402e-be6c-882d6dd159ed');
INSERT INTO "comparisons" VALUES(117,13,97,97,'d1a3f764-7eaf-402e-be6c-882d6dd159ed');
INSERT INTO "comparisons" VALUES(118,43,6,6,'d1a3f764-7eaf-402e-be6c-882d6dd159ed');
INSERT INTO "comparisons" VALUES(119,17,36,36,'d1a3f764-7eaf-402e-be6c-882d6dd159ed');
INSERT INTO "comparisons" VALUES(120,1,18,18,'d1a3f764-7eaf-402e-be6c-882d6dd159ed');
INSERT INTO "comparisons" VALUES(121,67,7,67,'d1a3f764-7eaf-402e-be6c-882d6dd159ed');
INSERT INTO "comparisons" VALUES(122,73,39,73,'d1a3f764-7eaf-402e-be6c-882d6dd159ed');
INSERT INTO "comparisons" VALUES(123,86,11,11,'d1a3f764-7eaf-402e-be6c-882d6dd159ed');
INSERT INTO "comparisons" VALUES(124,58,60,60,'d1a3f764-7eaf-402e-be6c-882d6dd159ed');
INSERT INTO "comparisons" VALUES(125,42,77,77,'d1a3f764-7eaf-402e-be6c-882d6dd159ed');
INSERT INTO "comparisons" VALUES(126,35,25,25,'d1a3f764-7eaf-402e-be6c-882d6dd159ed');
INSERT INTO "comparisons" VALUES(127,113,57,113,'d1a3f764-7eaf-402e-be6c-882d6dd159ed');
INSERT INTO "comparisons" VALUES(128,56,112,56,'d1a3f764-7eaf-402e-be6c-882d6dd159ed');
INSERT INTO "comparisons" VALUES(129,92,32,92,'d1a3f764-7eaf-402e-be6c-882d6dd159ed');
INSERT INTO "comparisons" VALUES(130,102,45,45,'d1a3f764-7eaf-402e-be6c-882d6dd159ed');
INSERT INTO "comparisons" VALUES(131,10,50,10,'d1a3f764-7eaf-402e-be6c-882d6dd159ed');
INSERT INTO "comparisons" VALUES(132,98,110,110,'d1a3f764-7eaf-402e-be6c-882d6dd159ed');
INSERT INTO "comparisons" VALUES(133,31,53,31,'d1a3f764-7eaf-402e-be6c-882d6dd159ed');
INSERT INTO "comparisons" VALUES(134,40,5,5,'d1a3f764-7eaf-402e-be6c-882d6dd159ed');
CREATE TABLE sessions (
    session_id integer primary key autoincrement not null,
    suuid text,
	user_id integer,
    start_time text,
	foreign key(suuid) references comparisons(suuid)
);
INSERT INTO "sessions" VALUES(1,'5e69b516-c4b4-44d7-a687-3f661c8dd811',2,'2016-06-09 17:32:58.514330');
INSERT INTO "sessions" VALUES(2,'9603a322-4571-4193-aa0b-e96f9c49702a',1,'2016-06-09 17:42:48.883716');
INSERT INTO "sessions" VALUES(3,'9dc0273a-0f51-4787-9ff3-38b2b3d9c21f',3,'2016-06-09 17:46:20.907930');
INSERT INTO "sessions" VALUES(4,'d1a3f764-7eaf-402e-be6c-882d6dd159ed',2,'2016-06-09 18:00:45.523400');
DELETE FROM "sqlite_sequence";
INSERT INTO "sqlite_sequence" VALUES('videos',114);
INSERT INTO "sqlite_sequence" VALUES('users',3);
INSERT INTO "sqlite_sequence" VALUES('sessions',4);
INSERT INTO "sqlite_sequence" VALUES('comparisons',134);
CREATE TABLE users (
    user_id integer primary key autoincrement not null,
    username text,
    password text,
    license bool, 
	foreign key(user_id) references sessions(user_id)
);
INSERT INTO "users" VALUES(1,'admin','admin',1);
INSERT INTO "users" VALUES(2,'u1','123',1);
INSERT INTO "users" VALUES(3,'u2','123',1);
CREATE TABLE videos (
    video_id integer primary key autoincrement not null,
    filepath text not null,
	num_comparisons	integer
);
INSERT INTO "videos" VALUES(1,'/static/videos/d11d_V1391089173_980.ogv',3);
INSERT INTO "videos" VALUES(2,'/static/videos/d21d_V1391160865_992.ogv',2);
INSERT INTO "videos" VALUES(3,'/static/videos/d13d_V1391091201_995.ogv',2);
INSERT INTO "videos" VALUES(4,'/static/videos/d31d_V1391161819_012.ogv',2);
INSERT INTO "videos" VALUES(5,'/static/videos/d31dt_V1391090427_977.ogv',3);
INSERT INTO "videos" VALUES(6,'/static/videos/d12d_V1391090599_058.ogv',3);
INSERT INTO "videos" VALUES(7,'/static/videos/d21d_V1391160921_009.ogv',3);
INSERT INTO "videos" VALUES(8,'/static/videos/d32d_V1391089618_019.ogv',2);
INSERT INTO "videos" VALUES(9,'/static/videos/d31d_V1391091137_988.ogv',2);
INSERT INTO "videos" VALUES(10,'/static/videos/d32dt_V1391089773_981.ogv',3);
INSERT INTO "videos" VALUES(11,'/static/videos/d41d_V1391089271_986.ogv',3);
INSERT INTO "videos" VALUES(12,'/static/videos/d41d_V1391088812_997.ogv',2);
INSERT INTO "videos" VALUES(13,'/static/videos/d11d_V1391089869_985.ogv',3);
INSERT INTO "videos" VALUES(14,'/static/videos/d12d_V1391161454_031.ogv',2);
INSERT INTO "videos" VALUES(15,'/static/videos/d41d_V1391088287_019.ogv',3);
INSERT INTO "videos" VALUES(16,'/static/videos/d12d_V1391090716_992.ogv',2);
INSERT INTO "videos" VALUES(17,'/static/videos/d21d_V1391091403_996.ogv',3);
INSERT INTO "videos" VALUES(18,'/static/videos/d31dt_V1391088310_004.ogv',3);
INSERT INTO "videos" VALUES(19,'/static/videos/d41d_V1391089267_972.ogv',2);
INSERT INTO "videos" VALUES(20,'/static/videos/d21d_V1391089811_991.ogv',2);
INSERT INTO "videos" VALUES(21,'/static/videos/d11d_V1391089227_008.ogv',2);
INSERT INTO "videos" VALUES(22,'/static/videos/d31d_V1391089260_965.ogv',2);
INSERT INTO "videos" VALUES(23,'/static/videos/d12d_V1391090594_976.ogv',2);
INSERT INTO "videos" VALUES(24,'/static/videos/d31d_V1391091188_992.ogv',2);
INSERT INTO "videos" VALUES(25,'/static/videos/d31d_V1391089434_021.ogv',3);
INSERT INTO "videos" VALUES(26,'/static/videos/d12d_V1391090695_974.ogv',2);
INSERT INTO "videos" VALUES(27,'/static/videos/d33d_V1391088805_018.ogv',2);
INSERT INTO "videos" VALUES(28,'/static/videos/d21d_V1391089161_003.ogv',2);
INSERT INTO "videos" VALUES(29,'/static/videos/d21dt_V1391089896_024.ogv',2);
INSERT INTO "videos" VALUES(30,'/static/videos/d32d_V1391088291_994.ogv',2);
INSERT INTO "videos" VALUES(31,'/static/videos/d23d_V1391090477_976.ogv',3);
INSERT INTO "videos" VALUES(32,'/static/videos/d31dt_V1391088313_974.ogv',3);
INSERT INTO "videos" VALUES(33,'/static/videos/d11dt_V1391160777_011.ogv',2);
INSERT INTO "videos" VALUES(34,'/static/videos/d11d_V1391160908_014.ogv',2);
INSERT INTO "videos" VALUES(35,'/static/videos/d23d_V1391090482_027.ogv',3);
INSERT INTO "videos" VALUES(36,'/static/videos/d31d_V1391090412_987.ogv',3);
INSERT INTO "videos" VALUES(37,'/static/videos/d21d_V1391089372_968.ogv',2);
INSERT INTO "videos" VALUES(38,'/static/videos/d13d_V1391091357_997.ogv',2);
INSERT INTO "videos" VALUES(39,'/static/videos/d11d_V1391090953_968.ogv',3);
INSERT INTO "videos" VALUES(40,'/static/videos/d32dt_V1391089778_007.ogv',3);
INSERT INTO "videos" VALUES(41,'/static/videos/d11d_V1391088279_038.ogv',2);
INSERT INTO "videos" VALUES(42,'/static/videos/d21d_V1391161251_002.ogv',3);
INSERT INTO "videos" VALUES(43,'/static/videos/d11dt_V1391160773_012.ogv',3);
INSERT INTO "videos" VALUES(44,'/static/videos/d21d_V1391089417_986.ogv',2);
INSERT INTO "videos" VALUES(45,'/static/videos/d21d_V1391089142_021.ogv',3);
INSERT INTO "videos" VALUES(46,'/static/videos/d31d_V1391091038_973.ogv',2);
INSERT INTO "videos" VALUES(47,'/static/videos/d21dt_V1391161847_006.ogv',2);
INSERT INTO "videos" VALUES(48,'/static/videos/d31d_V1391091145_961.ogv',2);
INSERT INTO "videos" VALUES(49,'/static/videos/d31d_V1391091141_992.ogv',2);
INSERT INTO "videos" VALUES(50,'/static/videos/d21d_V1391160727_024.ogv',3);
INSERT INTO "videos" VALUES(51,'/static/videos/d11d_V1391160670_995.ogv',2);
INSERT INTO "videos" VALUES(52,'/static/videos/d11d_V1391160674_995.ogv',2);
INSERT INTO "videos" VALUES(53,'/static/videos/d32dt_V1391088863_988.ogv',3);
INSERT INTO "videos" VALUES(54,'/static/videos/d31d_V1391091129_993.ogv',2);
INSERT INTO "videos" VALUES(55,'/static/videos/d11dt_V1391160781_008.ogv',3);
INSERT INTO "videos" VALUES(56,'/static/videos/d21d_V1391089399_040.ogv',3);
INSERT INTO "videos" VALUES(57,'/static/videos/d21d_V1391088961_985.ogv',3);
INSERT INTO "videos" VALUES(58,'/static/videos/d32d_V1391090945_992.ogv',3);
INSERT INTO "videos" VALUES(59,'/static/videos/d21d_V1391088334_966.ogv',2);
INSERT INTO "videos" VALUES(60,'/static/videos/d12d_V1391090657_984.ogv',3);
INSERT INTO "videos" VALUES(61,'/static/videos/d31d_V1391091286_997.ogv',2);
INSERT INTO "videos" VALUES(62,'/static/videos/d41dt_V1391160762_012.ogv',2);
INSERT INTO "videos" VALUES(63,'/static/videos/d11d_V1391089190_961.ogv',2);
INSERT INTO "videos" VALUES(64,'/static/videos/d21d_V1391088338_989.ogv',2);
INSERT INTO "videos" VALUES(65,'/static/videos/d12d_V1391089081_990.ogv',2);
INSERT INTO "videos" VALUES(66,'/static/videos/d32d_V1391091483_017.ogv',3);
INSERT INTO "videos" VALUES(67,'/static/videos/d13d_V1391090558_985.ogv',3);
INSERT INTO "videos" VALUES(68,'/static/videos/d21d_V1391088295_974.ogv',2);
INSERT INTO "videos" VALUES(69,'/static/videos/d21d_V1391088825_975.ogv',2);
INSERT INTO "videos" VALUES(70,'/static/videos/d13d_V1391090669_975.ogv',2);
INSERT INTO "videos" VALUES(71,'/static/videos/d31d_V1391091133_995.ogv',2);
INSERT INTO "videos" VALUES(72,'/static/videos/d21d_V1391160916_991.ogv',2);
INSERT INTO "videos" VALUES(73,'/static/videos/d11d_V1391089511_992.ogv',3);
INSERT INTO "videos" VALUES(74,'/static/videos/d41dt_V1391160750_015.ogv',2);
INSERT INTO "videos" VALUES(75,'/static/videos/d11d_V1391089230_989.ogv',2);
INSERT INTO "videos" VALUES(76,'/static/videos/d23d_V1391090711_994.ogv',2);
INSERT INTO "videos" VALUES(77,'/static/videos/d14d_V1391090706_989.ogv',3);
INSERT INTO "videos" VALUES(78,'/static/videos/d11d_V1391088320_977.ogv',2);
INSERT INTO "videos" VALUES(79,'/static/videos/d21dt_V1391161050_012.ogv',2);
INSERT INTO "videos" VALUES(80,'/static/videos/d12d_V1391161450_030.ogv',2);
INSERT INTO "videos" VALUES(81,'/static/videos/d11d_V1391090986_976.ogv',2);
INSERT INTO "videos" VALUES(82,'/static/videos/d22d_V1391091193_976.ogv',2);
INSERT INTO "videos" VALUES(83,'/static/videos/d31dt_V1391161162_022.ogv',2);
INSERT INTO "videos" VALUES(84,'/static/videos/d22d_V1391161232_006.ogv',2);
INSERT INTO "videos" VALUES(85,'/static/videos/d11d_V1391090407_033.ogv',2);
INSERT INTO "videos" VALUES(86,'/static/videos/d32dt_V1391088867_977.ogv',3);
INSERT INTO "videos" VALUES(87,'/static/videos/d22d_V1391090419_976.ogv',2);
INSERT INTO "videos" VALUES(88,'/static/videos/d21d_V1391089145_983.ogv',2);
INSERT INTO "videos" VALUES(89,'/static/videos/d21d_V1391161578_999.ogv',2);
INSERT INTO "videos" VALUES(90,'/static/videos/d22d_V1391090751_009.ogv',2);
INSERT INTO "videos" VALUES(91,'/static/videos/d22dt_V1391089501_998.ogv',2);
INSERT INTO "videos" VALUES(92,'/static/videos/d21d_V1391161596_027.ogv',3);
INSERT INTO "videos" VALUES(93,'/static/videos/d31d_V1391088808_993.ogv',2);
INSERT INTO "videos" VALUES(94,'/static/videos/d11dt_V1391089806_059.ogv',3);
INSERT INTO "videos" VALUES(95,'/static/videos/d31dt_V1391090924_983.ogv',2);
INSERT INTO "videos" VALUES(96,'/static/videos/d41dt_V1391160754_011.ogv',2);
INSERT INTO "videos" VALUES(97,'/static/videos/d21d_V1391089297_961.ogv',3);
INSERT INTO "videos" VALUES(98,'/static/videos/d22d_V1391090919_980.ogv',3);
INSERT INTO "videos" VALUES(99,'/static/videos/d22d_V1391161228_012.ogv',2);
INSERT INTO "videos" VALUES(100,'/static/videos/d12d_V1391090747_035.ogv',2);
INSERT INTO "videos" VALUES(101,'/static/videos/d21d_V1391089090_964.ogv',2);
INSERT INTO "videos" VALUES(102,'/static/videos/d13dt_V1391090446_978.ogv',3);
INSERT INTO "videos" VALUES(103,'/static/videos/d21d_V1391089301_997.ogv',2);
INSERT INTO "videos" VALUES(104,'/static/videos/d21d_V1391088327_052.ogv',2);
INSERT INTO "videos" VALUES(105,'/static/videos/d41dt_V1391160758_010.ogv',2);
INSERT INTO "videos" VALUES(106,'/static/videos/d13d_V1391091541_997.ogv',2);
INSERT INTO "videos" VALUES(107,'/static/videos/d21d_V1391161247_003.ogv',2);
INSERT INTO "videos" VALUES(108,'/static/videos/d21d_V1391161583_000.ogv',2);
INSERT INTO "videos" VALUES(109,'/static/videos/d31dt_V1391090432_001.ogv',2);
INSERT INTO "videos" VALUES(110,'/static/videos/d32d_V1391161257_001.ogv',3);
INSERT INTO "videos" VALUES(111,'/static/videos/d21d_V1391090452_037.ogv',2);
INSERT INTO "videos" VALUES(112,'/static/videos/d21d_V1391090647_976.ogv',3);
INSERT INTO "videos" VALUES(113,'/static/videos/d21d_V1391088330_996.ogv',3);
INSERT INTO "videos" VALUES(114,'/static/videos/d12_V1391090608_015.ogv',2);
COMMIT;
