,comp_id,v1,v2,winner,suuid,username,license
0,1,35,125,35,5a4d97a5-31ad-41d9-8a3f-9328291fb820,alina,1
1,2,105,34,105,3af14cf9-9880-4f25-9a85-3a4b0064e96b,alina_u1,1
2,3,98,78,78,3af14cf9-9880-4f25-9a85-3a4b0064e96b,alina_u1,1
3,4,81,49,49,3af14cf9-9880-4f25-9a85-3a4b0064e96b,alina_u1,1
4,5,99,22,22,3af14cf9-9880-4f25-9a85-3a4b0064e96b,alina_u1,1
5,6,16,94,94,3af14cf9-9880-4f25-9a85-3a4b0064e96b,alina_u1,1
6,7,93,117,117,3af14cf9-9880-4f25-9a85-3a4b0064e96b,alina_u1,1
7,8,113,111,111,3af14cf9-9880-4f25-9a85-3a4b0064e96b,alina_u1,1
8,9,72,120,120,3af14cf9-9880-4f25-9a85-3a4b0064e96b,alina_u1,1
9,10,69,61,61,3af14cf9-9880-4f25-9a85-3a4b0064e96b,alina_u1,1
10,11,4,76,76,3af14cf9-9880-4f25-9a85-3a4b0064e96b,alina_u1,1
11,12,87,128,128,3af14cf9-9880-4f25-9a85-3a4b0064e96b,alina_u1,1
12,13,37,116,37,3af14cf9-9880-4f25-9a85-3a4b0064e96b,alina_u1,1
13,14,21,86,21,3af14cf9-9880-4f25-9a85-3a4b0064e96b,alina_u1,1
14,15,123,24,123,d6b22704-577a-42a3-b330-4797049d461b,alina,1
15,16,73,30,30,d6b22704-577a-42a3-b330-4797049d461b,alina,1
16,17,110,20,110,d6b22704-577a-42a3-b330-4797049d461b,alina,1
17,18,63,50,50,d6b22704-577a-42a3-b330-4797049d461b,alina,1
18,19,12,32,32,d6b22704-577a-42a3-b330-4797049d461b,alina,1
19,20,33,38,38,d6b22704-577a-42a3-b330-4797049d461b,alina,1
20,21,39,19,19,d6b22704-577a-42a3-b330-4797049d461b,alina,1
21,22,27,119,119,d6b22704-577a-42a3-b330-4797049d461b,alina,1
22,23,118,8,118,d6b22704-577a-42a3-b330-4797049d461b,alina,1
23,24,42,2,2,d6b22704-577a-42a3-b330-4797049d461b,alina,1
24,25,41,64,64,d6b22704-577a-42a3-b330-4797049d461b,alina,1
25,26,29,102,29,d6b22704-577a-42a3-b330-4797049d461b,alina,1
26,27,54,58,58,d6b22704-577a-42a3-b330-4797049d461b,alina,1
27,28,126,55,55,d6b22704-577a-42a3-b330-4797049d461b,alina,1
28,29,28,47,47,d6b22704-577a-42a3-b330-4797049d461b,alina,1
29,30,15,46,46,d6b22704-577a-42a3-b330-4797049d461b,alina,1
30,31,60,51,51,e50ef33c-250a-460b-94b5-e1031bbf4197,alina,1
31,32,68,84,68,e50ef33c-250a-460b-94b5-e1031bbf4197,alina,1
32,33,66,53,53,e50ef33c-250a-460b-94b5-e1031bbf4197,alina,1
33,34,56,79,56,e50ef33c-250a-460b-94b5-e1031bbf4197,alina,1
34,35,74,90,74,e50ef33c-250a-460b-94b5-e1031bbf4197,alina,1
35,36,65,9,65,e50ef33c-250a-460b-94b5-e1031bbf4197,alina,1
36,37,7,89,7,e50ef33c-250a-460b-94b5-e1031bbf4197,alina,1
37,38,44,70,44,e50ef33c-250a-460b-94b5-e1031bbf4197,alina,1
38,39,127,122,122,e50ef33c-250a-460b-94b5-e1031bbf4197,alina,1
39,40,5,85,5,e50ef33c-250a-460b-94b5-e1031bbf4197,alina,1
40,41,82,14,14,e50ef33c-250a-460b-94b5-e1031bbf4197,alina,1
41,42,18,109,109,e50ef33c-250a-460b-94b5-e1031bbf4197,alina,1
42,43,57,62,57,e50ef33c-250a-460b-94b5-e1031bbf4197,alina,1
43,44,43,77,77,e50ef33c-250a-460b-94b5-e1031bbf4197,alina,1
44,45,100,92,100,e50ef33c-250a-460b-94b5-e1031bbf4197,alina,1
45,46,130,104,130,e50ef33c-250a-460b-94b5-e1031bbf4197,alina,1
46,47,96,124,124,e50ef33c-250a-460b-94b5-e1031bbf4197,alina,1
47,48,31,97,31,e50ef33c-250a-460b-94b5-e1031bbf4197,alina,1
48,49,83,75,75,e50ef33c-250a-460b-94b5-e1031bbf4197,alina,1
49,50,67,121,67,e50ef33c-250a-460b-94b5-e1031bbf4197,alina,1
50,51,103,1,1,e50ef33c-250a-460b-94b5-e1031bbf4197,alina,1
51,52,71,11,11,e50ef33c-250a-460b-94b5-e1031bbf4197,alina,1
52,53,115,36,36,e50ef33c-250a-460b-94b5-e1031bbf4197,alina,1
53,54,107,91,107,e50ef33c-250a-460b-94b5-e1031bbf4197,alina,1
54,55,17,25,17,e50ef33c-250a-460b-94b5-e1031bbf4197,alina,1
55,56,23,26,26,e50ef33c-250a-460b-94b5-e1031bbf4197,alina,1
56,57,6,45,6,e50ef33c-250a-460b-94b5-e1031bbf4197,alina,1
57,58,88,114,114,e50ef33c-250a-460b-94b5-e1031bbf4197,alina,1
58,59,40,95,40,e50ef33c-250a-460b-94b5-e1031bbf4197,alina,1
59,60,3,108,3,e50ef33c-250a-460b-94b5-e1031bbf4197,alina,1
60,61,59,48,59,e50ef33c-250a-460b-94b5-e1031bbf4197,alina,1
61,62,13,129,13,e50ef33c-250a-460b-94b5-e1031bbf4197,alina,1
62,63,112,80,80,e50ef33c-250a-460b-94b5-e1031bbf4197,alina,1
63,64,106,52,52,e50ef33c-250a-460b-94b5-e1031bbf4197,alina,1
64,65,10,101,101,e50ef33c-250a-460b-94b5-e1031bbf4197,alina,1
65,66,17,42,42,e50ef33c-250a-460b-94b5-e1031bbf4197,alina,1
66,67,88,45,88,ef75254e-46b9-4157-ad15-fbb24903db47,alina,1
67,68,105,122,105,ef75254e-46b9-4157-ad15-fbb24903db47,alina,1
68,69,92,7,7,ef75254e-46b9-4157-ad15-fbb24903db47,alina,1
69,70,50,20,50,ef75254e-46b9-4157-ad15-fbb24903db47,alina,1
70,71,89,10,10,ef75254e-46b9-4157-ad15-fbb24903db47,alina,1
71,72,76,32,76,ef75254e-46b9-4157-ad15-fbb24903db47,alina,1
72,73,117,28,117,ef75254e-46b9-4157-ad15-fbb24903db47,alina,1
73,74,21,31,31,ef75254e-46b9-4157-ad15-fbb24903db47,alina,1
74,75,87,110,110,ef75254e-46b9-4157-ad15-fbb24903db47,alina,1
75,76,101,56,56,ef75254e-46b9-4157-ad15-fbb24903db47,alina,1
76,77,43,6,6,ef75254e-46b9-4157-ad15-fbb24903db47,alina,1
77,78,38,71,38,ef75254e-46b9-4157-ad15-fbb24903db47,alina,1
78,79,123,74,74,ef75254e-46b9-4157-ad15-fbb24903db47,alina,1
79,80,97,102,102,ef75254e-46b9-4157-ad15-fbb24903db47,alina,1
80,81,37,14,37,ef75254e-46b9-4157-ad15-fbb24903db47,alina,1
81,82,52,51,52,ef75254e-46b9-4157-ad15-fbb24903db47,alina,1
82,83,54,61,61,ef75254e-46b9-4157-ad15-fbb24903db47,alina,1
83,84,5,111,111,ef75254e-46b9-4157-ad15-fbb24903db47,alina,1
84,85,96,93,96,ef75254e-46b9-4157-ad15-fbb24903db47,alina,1
85,86,104,118,104,ef75254e-46b9-4157-ad15-fbb24903db47,alina,1
86,87,25,48,25,ef75254e-46b9-4157-ad15-fbb24903db47,alina,1
87,88,106,83,106,ef75254e-46b9-4157-ad15-fbb24903db47,alina,1
88,89,27,68,68,ef75254e-46b9-4157-ad15-fbb24903db47,alina,1
89,90,114,119,119,ef75254e-46b9-4157-ad15-fbb24903db47,alina,1
90,91,62,18,62,ef75254e-46b9-4157-ad15-fbb24903db47,alina,1
91,92,72,112,72,ef75254e-46b9-4157-ad15-fbb24903db47,alina,1
92,93,3,16,16,ef75254e-46b9-4157-ad15-fbb24903db47,alina,1
93,94,26,19,19,ef75254e-46b9-4157-ad15-fbb24903db47,alina,1
94,95,84,121,121,ef75254e-46b9-4157-ad15-fbb24903db47,alina,1
95,96,44,128,44,ef75254e-46b9-4157-ad15-fbb24903db47,alina,1
96,97,78,9,78,ef75254e-46b9-4157-ad15-fbb24903db47,alina,1
97,98,13,125,13,ef75254e-46b9-4157-ad15-fbb24903db47,alina,1
98,99,33,55,55,ef75254e-46b9-4157-ad15-fbb24903db47,alina,1
99,100,29,77,29,5d414203-b294-429c-a8aa-d3fcc764a1c4,alina,1
100,101,30,108,30,5d414203-b294-429c-a8aa-d3fcc764a1c4,alina,1
101,102,85,41,41,5d414203-b294-429c-a8aa-d3fcc764a1c4,alina,1
102,103,47,46,47,5d414203-b294-429c-a8aa-d3fcc764a1c4,alina,1
103,104,98,116,98,5d414203-b294-429c-a8aa-d3fcc764a1c4,alina,1
104,105,130,81,130,5d414203-b294-429c-a8aa-d3fcc764a1c4,alina,1
105,106,15,53,53,5d414203-b294-429c-a8aa-d3fcc764a1c4,alina,1
106,107,12,115,12,5d414203-b294-429c-a8aa-d3fcc764a1c4,alina,1
107,108,94,64,64,5d414203-b294-429c-a8aa-d3fcc764a1c4,alina,1
108,109,59,67,67,5d414203-b294-429c-a8aa-d3fcc764a1c4,alina,1
109,110,120,60,60,5d414203-b294-429c-a8aa-d3fcc764a1c4,alina,1
110,111,40,35,40,5d414203-b294-429c-a8aa-d3fcc764a1c4,alina,1
111,112,80,129,80,5d414203-b294-429c-a8aa-d3fcc764a1c4,alina,1
112,113,8,124,124,5d414203-b294-429c-a8aa-d3fcc764a1c4,alina,1
113,114,22,24,22,5d414203-b294-429c-a8aa-d3fcc764a1c4,alina,1
114,115,75,82,75,5d414203-b294-429c-a8aa-d3fcc764a1c4,alina,1
115,116,99,69,99,5d414203-b294-429c-a8aa-d3fcc764a1c4,alina,1
116,117,23,2,2,5d414203-b294-429c-a8aa-d3fcc764a1c4,alina,1
117,118,113,57,57,5d414203-b294-429c-a8aa-d3fcc764a1c4,alina,1
118,119,86,95,95,5d414203-b294-429c-a8aa-d3fcc764a1c4,alina,1
119,120,126,66,66,5d414203-b294-429c-a8aa-d3fcc764a1c4,alina,1
120,121,107,4,4,5d414203-b294-429c-a8aa-d3fcc764a1c4,alina,1
121,122,103,91,91,5d414203-b294-429c-a8aa-d3fcc764a1c4,alina,1
122,123,63,65,65,5d414203-b294-429c-a8aa-d3fcc764a1c4,alina,1
123,124,90,73,73,5d414203-b294-429c-a8aa-d3fcc764a1c4,alina,1
124,125,109,127,109,5d414203-b294-429c-a8aa-d3fcc764a1c4,alina,1
125,126,34,1,34,5d414203-b294-429c-a8aa-d3fcc764a1c4,alina,1
126,127,11,79,11,5d414203-b294-429c-a8aa-d3fcc764a1c4,alina,1
127,128,36,39,39,5d414203-b294-429c-a8aa-d3fcc764a1c4,alina,1
128,129,58,70,58,5d414203-b294-429c-a8aa-d3fcc764a1c4,alina,1
129,130,100,49,100,5d414203-b294-429c-a8aa-d3fcc764a1c4,alina,1
130,131,103,104,104,5d414203-b294-429c-a8aa-d3fcc764a1c4,alina,1
131,132,27,45,27,5d414203-b294-429c-a8aa-d3fcc764a1c4,alina,1
132,133,123,40,123,5d414203-b294-429c-a8aa-d3fcc764a1c4,alina,1
133,134,35,98,35,5d414203-b294-429c-a8aa-d3fcc764a1c4,alina,1
134,135,93,44,44,5d414203-b294-429c-a8aa-d3fcc764a1c4,alina,1
135,136,108,36,36,5d414203-b294-429c-a8aa-d3fcc764a1c4,alina,1
136,137,115,47,47,5d414203-b294-429c-a8aa-d3fcc764a1c4,alina,1
137,138,52,30,30,5d414203-b294-429c-a8aa-d3fcc764a1c4,alina,1
138,139,46,59,46,5d414203-b294-429c-a8aa-d3fcc764a1c4,alina,1
139,140,6,65,65,5d414203-b294-429c-a8aa-d3fcc764a1c4,alina,1
140,141,90,16,16,5d414203-b294-429c-a8aa-d3fcc764a1c4,alina,1
141,142,31,113,31,5d414203-b294-429c-a8aa-d3fcc764a1c4,alina,1
142,143,119,101,119,5d414203-b294-429c-a8aa-d3fcc764a1c4,alina,1
143,144,10,38,38,5d414203-b294-429c-a8aa-d3fcc764a1c4,alina,1
144,145,79,116,79,5d414203-b294-429c-a8aa-d3fcc764a1c4,alina,1
145,146,14,50,50,5d414203-b294-429c-a8aa-d3fcc764a1c4,alina,1
146,147,49,61,49,5d414203-b294-429c-a8aa-d3fcc764a1c4,alina,1
147,148,69,75,75,5d414203-b294-429c-a8aa-d3fcc764a1c4,alina,1
148,149,34,74,74,5d414203-b294-429c-a8aa-d3fcc764a1c4,alina,1
149,150,122,54,54,5d414203-b294-429c-a8aa-d3fcc764a1c4,alina,1
150,151,127,43,43,5d414203-b294-429c-a8aa-d3fcc764a1c4,alina,1
151,152,102,48,102,5d414203-b294-429c-a8aa-d3fcc764a1c4,alina,1
152,153,18,28,18,5d414203-b294-429c-a8aa-d3fcc764a1c4,alina,1
153,154,89,95,95,5d414203-b294-429c-a8aa-d3fcc764a1c4,alina,1
154,155,83,11,11,5d414203-b294-429c-a8aa-d3fcc764a1c4,alina,1
155,156,15,12,15,5d414203-b294-429c-a8aa-d3fcc764a1c4,alina,1
156,157,77,97,77,5d414203-b294-429c-a8aa-d3fcc764a1c4,alina,1
157,158,20,56,56,5d414203-b294-429c-a8aa-d3fcc764a1c4,alina,1
158,159,42,3,42,5d414203-b294-429c-a8aa-d3fcc764a1c4,alina,1
159,160,88,100,100,5d414203-b294-429c-a8aa-d3fcc764a1c4,alina,1
160,161,19,23,19,5d414203-b294-429c-a8aa-d3fcc764a1c4,alina,1
161,162,126,53,53,5d414203-b294-429c-a8aa-d3fcc764a1c4,alina,1
162,163,128,96,128,5d414203-b294-429c-a8aa-d3fcc764a1c4,alina,1
163,164,55,92,55,5d414203-b294-429c-a8aa-d3fcc764a1c4,alina,1
164,165,114,67,67,5d414203-b294-429c-a8aa-d3fcc764a1c4,alina,1
165,166,64,39,64,5d414203-b294-429c-a8aa-d3fcc764a1c4,alina,1
166,167,82,2,2,5d414203-b294-429c-a8aa-d3fcc764a1c4,alina,1
167,168,32,66,32,5d414203-b294-429c-a8aa-d3fcc764a1c4,alina,1
168,169,22,60,22,5d414203-b294-429c-a8aa-d3fcc764a1c4,alina,1
169,170,76,7,76,5d414203-b294-429c-a8aa-d3fcc764a1c4,alina,1
170,171,68,37,37,5d414203-b294-429c-a8aa-d3fcc764a1c4,alina,1
171,172,33,129,33,5d414203-b294-429c-a8aa-d3fcc764a1c4,alina,1
172,173,91,124,124,5d414203-b294-429c-a8aa-d3fcc764a1c4,alina,1
173,174,41,109,109,5d414203-b294-429c-a8aa-d3fcc764a1c4,alina,1
174,175,5,24,24,5d414203-b294-429c-a8aa-d3fcc764a1c4,alina,1
175,176,57,106,57,5d414203-b294-429c-a8aa-d3fcc764a1c4,alina,1
176,177,118,107,107,5d414203-b294-429c-a8aa-d3fcc764a1c4,alina,1
177,178,8,94,94,5d414203-b294-429c-a8aa-d3fcc764a1c4,alina,1
178,179,78,111,78,5d414203-b294-429c-a8aa-d3fcc764a1c4,alina,1
179,180,58,29,29,5d414203-b294-429c-a8aa-d3fcc764a1c4,alina,1
180,181,125,72,72,5d414203-b294-429c-a8aa-d3fcc764a1c4,alina,1
181,182,9,110,9,5d414203-b294-429c-a8aa-d3fcc764a1c4,alina,1
182,183,112,117,117,5d414203-b294-429c-a8aa-d3fcc764a1c4,alina,1
183,184,121,85,121,5d414203-b294-429c-a8aa-d3fcc764a1c4,alina,1
184,185,70,26,26,5d414203-b294-429c-a8aa-d3fcc764a1c4,alina,1
185,186,87,4,4,5d414203-b294-429c-a8aa-d3fcc764a1c4,alina,1
186,187,63,81,63,5d414203-b294-429c-a8aa-d3fcc764a1c4,alina,1
187,188,71,86,71,5d414203-b294-429c-a8aa-d3fcc764a1c4,alina,1
188,189,25,105,25,5d414203-b294-429c-a8aa-d3fcc764a1c4,alina,1
189,190,73,51,73,5d414203-b294-429c-a8aa-d3fcc764a1c4,alina,1
190,191,17,99,17,5d414203-b294-429c-a8aa-d3fcc764a1c4,alina,1
191,192,80,62,80,5d414203-b294-429c-a8aa-d3fcc764a1c4,alina,1
192,193,1,130,130,5d414203-b294-429c-a8aa-d3fcc764a1c4,alina,1
193,194,21,120,21,5d414203-b294-429c-a8aa-d3fcc764a1c4,alina,1
194,195,13,84,13,5d414203-b294-429c-a8aa-d3fcc764a1c4,alina,1
195,196,30,104,30,5d414203-b294-429c-a8aa-d3fcc764a1c4,alina,1
196,197,18,95,18,5b97f324-f63d-47c3-94b0-a4ff8cb61a98,alina,1
197,198,54,126,54,5b97f324-f63d-47c3-94b0-a4ff8cb61a98,alina,1
198,199,36,73,73,5b97f324-f63d-47c3-94b0-a4ff8cb61a98,alina,1
199,200,125,85,85,5b97f324-f63d-47c3-94b0-a4ff8cb61a98,alina,1
200,201,31,77,31,5b97f324-f63d-47c3-94b0-a4ff8cb61a98,alina,1
201,202,62,44,62,5b97f324-f63d-47c3-94b0-a4ff8cb61a98,alina,1
202,203,106,28,106,5b97f324-f63d-47c3-94b0-a4ff8cb61a98,alina,1
203,204,24,67,67,5b97f324-f63d-47c3-94b0-a4ff8cb61a98,alina,1
204,205,70,42,42,5b97f324-f63d-47c3-94b0-a4ff8cb61a98,alina,1
205,206,47,93,47,5b97f324-f63d-47c3-94b0-a4ff8cb61a98,alina,1
206,207,46,12,46,5b97f324-f63d-47c3-94b0-a4ff8cb61a98,alina,1
207,208,52,111,52,5b97f324-f63d-47c3-94b0-a4ff8cb61a98,alina,1
208,209,33,32,33,5b97f324-f63d-47c3-94b0-a4ff8cb61a98,alina,1
209,210,34,82,34,5b97f324-f63d-47c3-94b0-a4ff8cb61a98,alina,1
210,211,72,50,50,5b97f324-f63d-47c3-94b0-a4ff8cb61a98,alina,1
211,212,17,39,17,5b97f324-f63d-47c3-94b0-a4ff8cb61a98,alina,1
212,213,127,109,109,5b97f324-f63d-47c3-94b0-a4ff8cb61a98,alina,1
213,214,115,51,51,5b97f324-f63d-47c3-94b0-a4ff8cb61a98,alina,1
214,215,10,7,7,5b97f324-f63d-47c3-94b0-a4ff8cb61a98,alina,1
215,216,16,113,16,5b97f324-f63d-47c3-94b0-a4ff8cb61a98,alina,1
216,217,15,49,49,5b97f324-f63d-47c3-94b0-a4ff8cb61a98,alina,1
217,218,105,130,105,5b97f324-f63d-47c3-94b0-a4ff8cb61a98,alina,1
218,219,114,61,61,5b97f324-f63d-47c3-94b0-a4ff8cb61a98,alina,1
219,220,80,120,80,5b97f324-f63d-47c3-94b0-a4ff8cb61a98,alina,1
220,221,83,11,11,5b97f324-f63d-47c3-94b0-a4ff8cb61a98,alina,1
221,222,119,117,117,5b97f324-f63d-47c3-94b0-a4ff8cb61a98,alina,1
222,223,23,97,97,5b97f324-f63d-47c3-94b0-a4ff8cb61a98,alina,1
223,224,78,2,2,5b97f324-f63d-47c3-94b0-a4ff8cb61a98,alina,1
224,225,64,66,64,5b97f324-f63d-47c3-94b0-a4ff8cb61a98,alina,1
225,226,107,68,68,5b97f324-f63d-47c3-94b0-a4ff8cb61a98,alina,1
226,227,116,81,116,5b97f324-f63d-47c3-94b0-a4ff8cb61a98,alina,1
227,228,4,38,38,5b97f324-f63d-47c3-94b0-a4ff8cb61a98,alina,1
228,229,124,55,55,5b97f324-f63d-47c3-94b0-a4ff8cb61a98,alina,1
229,230,121,110,110,5b97f324-f63d-47c3-94b0-a4ff8cb61a98,alina,1
230,231,21,57,57,5b97f324-f63d-47c3-94b0-a4ff8cb61a98,alina,1
231,232,122,92,122,5b97f324-f63d-47c3-94b0-a4ff8cb61a98,alina,1
232,233,71,20,71,5b97f324-f63d-47c3-94b0-a4ff8cb61a98,alina,1
233,234,65,26,65,5b97f324-f63d-47c3-94b0-a4ff8cb61a98,alina,1
234,235,3,27,3,5b97f324-f63d-47c3-94b0-a4ff8cb61a98,alina,1
235,236,6,74,74,5b97f324-f63d-47c3-94b0-a4ff8cb61a98,alina,1
236,237,63,58,63,5b97f324-f63d-47c3-94b0-a4ff8cb61a98,alina,1
237,238,25,87,25,5b97f324-f63d-47c3-94b0-a4ff8cb61a98,alina,1
238,239,108,29,29,ef84b989-b198-4a2e-94a1-9a75ccc44a09,theresa,1
239,240,8,90,90,ef84b989-b198-4a2e-94a1-9a75ccc44a09,theresa,1
240,241,14,102,102,ef84b989-b198-4a2e-94a1-9a75ccc44a09,theresa,1
241,242,88,69,69,ef84b989-b198-4a2e-94a1-9a75ccc44a09,theresa,1
242,243,53,56,56,ef84b989-b198-4a2e-94a1-9a75ccc44a09,theresa,1
243,244,118,101,118,ef84b989-b198-4a2e-94a1-9a75ccc44a09,theresa,1
244,245,89,13,13,ef84b989-b198-4a2e-94a1-9a75ccc44a09,theresa,1
245,246,41,129,129,ef84b989-b198-4a2e-94a1-9a75ccc44a09,theresa,1
246,247,60,59,60,ef84b989-b198-4a2e-94a1-9a75ccc44a09,theresa,1
247,248,100,128,100,ef84b989-b198-4a2e-94a1-9a75ccc44a09,theresa,1
248,249,5,86,86,ef84b989-b198-4a2e-94a1-9a75ccc44a09,theresa,1
249,250,91,84,84,ef84b989-b198-4a2e-94a1-9a75ccc44a09,theresa,1
250,251,103,75,75,ef84b989-b198-4a2e-94a1-9a75ccc44a09,theresa,1
251,252,37,76,37,ef84b989-b198-4a2e-94a1-9a75ccc44a09,theresa,1
252,253,94,35,94,ef84b989-b198-4a2e-94a1-9a75ccc44a09,theresa,1
253,254,19,112,19,ef84b989-b198-4a2e-94a1-9a75ccc44a09,theresa,1
254,255,22,40,40,ef84b989-b198-4a2e-94a1-9a75ccc44a09,theresa,1
255,256,45,79,79,ef84b989-b198-4a2e-94a1-9a75ccc44a09,theresa,1
256,257,1,43,43,ef84b989-b198-4a2e-94a1-9a75ccc44a09,theresa,1
257,258,96,99,99,ef84b989-b198-4a2e-94a1-9a75ccc44a09,theresa,1
258,259,48,9,9,ef84b989-b198-4a2e-94a1-9a75ccc44a09,theresa,1
259,260,123,98,123,ef84b989-b198-4a2e-94a1-9a75ccc44a09,theresa,1
260,261,124,25,25,ef84b989-b198-4a2e-94a1-9a75ccc44a09,theresa,1
261,262,57,59,57,ef84b989-b198-4a2e-94a1-9a75ccc44a09,theresa,1
262,263,9,94,94,ef84b989-b198-4a2e-94a1-9a75ccc44a09,theresa,1
263,264,56,105,56,ef84b989-b198-4a2e-94a1-9a75ccc44a09,theresa,1
264,265,114,38,38,ef84b989-b198-4a2e-94a1-9a75ccc44a09,theresa,1
265,266,86,61,61,ef84b989-b198-4a2e-94a1-9a75ccc44a09,theresa,1
266,267,65,128,65,ef84b989-b198-4a2e-94a1-9a75ccc44a09,theresa,1
267,268,34,69,34,ef84b989-b198-4a2e-94a1-9a75ccc44a09,theresa,1
268,269,50,19,19,ef84b989-b198-4a2e-94a1-9a75ccc44a09,theresa,1
269,270,16,41,16,ef84b989-b198-4a2e-94a1-9a75ccc44a09,theresa,1
270,271,117,33,33,ef84b989-b198-4a2e-94a1-9a75ccc44a09,theresa,1
271,272,18,84,18,ef84b989-b198-4a2e-94a1-9a75ccc44a09,theresa,1
272,273,107,26,26,ef84b989-b198-4a2e-94a1-9a75ccc44a09,theresa,1
273,274,10,115,10,ef84b989-b198-4a2e-94a1-9a75ccc44a09,theresa,1
274,275,36,76,76,ef84b989-b198-4a2e-94a1-9a75ccc44a09,theresa,1
275,276,68,79,68,ef84b989-b198-4a2e-94a1-9a75ccc44a09,theresa,1
276,277,120,17,17,ef84b989-b198-4a2e-94a1-9a75ccc44a09,theresa,1
277,278,80,70,70,ef84b989-b198-4a2e-94a1-9a75ccc44a09,theresa,1
278,279,29,119,29,ef84b989-b198-4a2e-94a1-9a75ccc44a09,theresa,1
279,280,130,42,130,ef84b989-b198-4a2e-94a1-9a75ccc44a09,theresa,1
280,281,55,77,55,ef84b989-b198-4a2e-94a1-9a75ccc44a09,theresa,1
281,282,113,32,32,ef84b989-b198-4a2e-94a1-9a75ccc44a09,theresa,1
282,283,126,82,126,ef84b989-b198-4a2e-94a1-9a75ccc44a09,theresa,1
283,284,66,99,99,ef84b989-b198-4a2e-94a1-9a75ccc44a09,theresa,1
284,285,109,98,109,ef84b989-b198-4a2e-94a1-9a75ccc44a09,theresa,1
285,286,43,13,13,ef84b989-b198-4a2e-94a1-9a75ccc44a09,theresa,1
286,287,37,44,37,ef84b989-b198-4a2e-94a1-9a75ccc44a09,theresa,1
287,288,67,116,67,ef84b989-b198-4a2e-94a1-9a75ccc44a09,theresa,1
288,289,27,127,27,ef84b989-b198-4a2e-94a1-9a75ccc44a09,theresa,1
289,290,7,22,22,ef84b989-b198-4a2e-94a1-9a75ccc44a09,theresa,1
290,291,74,20,74,ef84b989-b198-4a2e-94a1-9a75ccc44a09,theresa,1
291,292,46,62,62,ef84b989-b198-4a2e-94a1-9a75ccc44a09,theresa,1
292,293,51,97,51,ef84b989-b198-4a2e-94a1-9a75ccc44a09,theresa,1
293,294,72,12,72,ef84b989-b198-4a2e-94a1-9a75ccc44a09,theresa,1
294,295,8,81,8,ef84b989-b198-4a2e-94a1-9a75ccc44a09,theresa,1
295,296,78,14,78,ef84b989-b198-4a2e-94a1-9a75ccc44a09,theresa,1
296,297,30,83,30,ef84b989-b198-4a2e-94a1-9a75ccc44a09,theresa,1
297,298,21,95,21,ef84b989-b198-4a2e-94a1-9a75ccc44a09,theresa,1
298,299,58,100,58,ef84b989-b198-4a2e-94a1-9a75ccc44a09,theresa,1
299,300,53,111,111,ef84b989-b198-4a2e-94a1-9a75ccc44a09,theresa,1
300,301,63,24,63,ef84b989-b198-4a2e-94a1-9a75ccc44a09,theresa,1
301,302,88,15,88,ef84b989-b198-4a2e-94a1-9a75ccc44a09,theresa,1
302,303,101,40,40,ef84b989-b198-4a2e-94a1-9a75ccc44a09,theresa,1
303,304,96,1,1,ef84b989-b198-4a2e-94a1-9a75ccc44a09,theresa,1
304,305,93,125,93,ef84b989-b198-4a2e-94a1-9a75ccc44a09,theresa,1
305,306,129,112,129,ef84b989-b198-4a2e-94a1-9a75ccc44a09,theresa,1
306,307,39,60,39,ef84b989-b198-4a2e-94a1-9a75ccc44a09,theresa,1
307,308,5,3,3,ef84b989-b198-4a2e-94a1-9a75ccc44a09,theresa,1
308,309,28,31,31,ef84b989-b198-4a2e-94a1-9a75ccc44a09,theresa,1
309,310,91,75,75,ef84b989-b198-4a2e-94a1-9a75ccc44a09,theresa,1
310,311,87,122,87,ef84b989-b198-4a2e-94a1-9a75ccc44a09,theresa,1
311,312,54,35,35,ef84b989-b198-4a2e-94a1-9a75ccc44a09,theresa,1
312,313,48,121,48,ef84b989-b198-4a2e-94a1-9a75ccc44a09,theresa,1
313,314,92,4,4,ef84b989-b198-4a2e-94a1-9a75ccc44a09,theresa,1
314,315,102,110,102,ef84b989-b198-4a2e-94a1-9a75ccc44a09,theresa,1
315,316,118,45,118,ef84b989-b198-4a2e-94a1-9a75ccc44a09,theresa,1
316,317,2,64,64,ef84b989-b198-4a2e-94a1-9a75ccc44a09,theresa,1
317,318,103,85,103,ef84b989-b198-4a2e-94a1-9a75ccc44a09,theresa,1
318,319,6,90,6,ef84b989-b198-4a2e-94a1-9a75ccc44a09,theresa,1
319,320,89,108,108,ef84b989-b198-4a2e-94a1-9a75ccc44a09,theresa,1
320,321,11,47,11,ef84b989-b198-4a2e-94a1-9a75ccc44a09,theresa,1
321,322,106,123,123,633ef8b1-818a-44b3-b2f9-0d6c5688bf29,mike,1
322,323,52,73,52,633ef8b1-818a-44b3-b2f9-0d6c5688bf29,mike,1
323,324,104,23,104,633ef8b1-818a-44b3-b2f9-0d6c5688bf29,mike,1
324,325,71,49,49,633ef8b1-818a-44b3-b2f9-0d6c5688bf29,mike,1
325,326,80,88,80,633ef8b1-818a-44b3-b2f9-0d6c5688bf29,mike,1
326,327,113,46,113,633ef8b1-818a-44b3-b2f9-0d6c5688bf29,mike,1
327,328,9,56,56,633ef8b1-818a-44b3-b2f9-0d6c5688bf29,mike,1
328,329,15,22,22,633ef8b1-818a-44b3-b2f9-0d6c5688bf29,mike,1
329,330,111,40,111,633ef8b1-818a-44b3-b2f9-0d6c5688bf29,mike,1
330,331,45,127,45,633ef8b1-818a-44b3-b2f9-0d6c5688bf29,mike,1
331,332,23,68,68,633ef8b1-818a-44b3-b2f9-0d6c5688bf29,mike,1
332,333,92,95,92,633ef8b1-818a-44b3-b2f9-0d6c5688bf29,mike,1
333,334,120,86,120,633ef8b1-818a-44b3-b2f9-0d6c5688bf29,mike,1
334,335,38,126,126,633ef8b1-818a-44b3-b2f9-0d6c5688bf29,mike,1
335,336,18,112,112,633ef8b1-818a-44b3-b2f9-0d6c5688bf29,mike,1
336,337,21,19,19,633ef8b1-818a-44b3-b2f9-0d6c5688bf29,mike,1
337,338,13,50,50,633ef8b1-818a-44b3-b2f9-0d6c5688bf29,mike,1
338,339,17,85,17,633ef8b1-818a-44b3-b2f9-0d6c5688bf29,mike,1
339,340,94,74,74,633ef8b1-818a-44b3-b2f9-0d6c5688bf29,mike,1
340,341,63,35,63,633ef8b1-818a-44b3-b2f9-0d6c5688bf29,mike,1
341,342,75,30,30,633ef8b1-818a-44b3-b2f9-0d6c5688bf29,mike,1
342,343,62,6,62,633ef8b1-818a-44b3-b2f9-0d6c5688bf29,mike,1
343,344,31,1,31,633ef8b1-818a-44b3-b2f9-0d6c5688bf29,mike,1
344,345,121,105,105,633ef8b1-818a-44b3-b2f9-0d6c5688bf29,mike,1
345,346,39,106,106,633ef8b1-818a-44b3-b2f9-0d6c5688bf29,mike,1
346,347,43,42,42,633ef8b1-818a-44b3-b2f9-0d6c5688bf29,mike,1
347,348,36,66,66,633ef8b1-818a-44b3-b2f9-0d6c5688bf29,mike,1
348,349,4,93,4,633ef8b1-818a-44b3-b2f9-0d6c5688bf29,mike,1
349,350,7,59,59,633ef8b1-818a-44b3-b2f9-0d6c5688bf29,mike,1
350,351,48,117,117,633ef8b1-818a-44b3-b2f9-0d6c5688bf29,mike,1
351,352,65,24,65,633ef8b1-818a-44b3-b2f9-0d6c5688bf29,mike,1
352,353,28,100,100,633ef8b1-818a-44b3-b2f9-0d6c5688bf29,mike,1
353,354,64,108,64,633ef8b1-818a-44b3-b2f9-0d6c5688bf29,mike,1
354,355,123,25,123,633ef8b1-818a-44b3-b2f9-0d6c5688bf29,mike,1
355,356,129,60,129,633ef8b1-818a-44b3-b2f9-0d6c5688bf29,mike,1
356,357,130,70,130,633ef8b1-818a-44b3-b2f9-0d6c5688bf29,mike,1
357,358,71,87,87,633ef8b1-818a-44b3-b2f9-0d6c5688bf29,mike,1
358,359,34,61,61,633ef8b1-818a-44b3-b2f9-0d6c5688bf29,mike,1
359,360,81,76,76,633ef8b1-818a-44b3-b2f9-0d6c5688bf29,mike,1
360,361,32,82,82,633ef8b1-818a-44b3-b2f9-0d6c5688bf29,mike,1
361,362,72,8,72,633ef8b1-818a-44b3-b2f9-0d6c5688bf29,mike,1
362,363,125,102,102,633ef8b1-818a-44b3-b2f9-0d6c5688bf29,mike,1
363,364,14,12,12,633ef8b1-818a-44b3-b2f9-0d6c5688bf29,mike,1
364,365,104,98,104,633ef8b1-818a-44b3-b2f9-0d6c5688bf29,mike,1
365,366,52,99,52,633ef8b1-818a-44b3-b2f9-0d6c5688bf29,mike,1
366,367,101,124,101,633ef8b1-818a-44b3-b2f9-0d6c5688bf29,mike,1
367,368,96,119,119,633ef8b1-818a-44b3-b2f9-0d6c5688bf29,mike,1
368,369,69,103,103,633ef8b1-818a-44b3-b2f9-0d6c5688bf29,mike,1
369,370,91,73,73,633ef8b1-818a-44b3-b2f9-0d6c5688bf29,mike,1
370,371,26,5,26,633ef8b1-818a-44b3-b2f9-0d6c5688bf29,mike,1
371,372,107,83,83,633ef8b1-818a-44b3-b2f9-0d6c5688bf29,mike,1
372,373,67,110,67,633ef8b1-818a-44b3-b2f9-0d6c5688bf29,mike,1
373,374,128,57,128,633ef8b1-818a-44b3-b2f9-0d6c5688bf29,mike,1
374,375,49,20,49,633ef8b1-818a-44b3-b2f9-0d6c5688bf29,mike,1
375,376,114,10,114,633ef8b1-818a-44b3-b2f9-0d6c5688bf29,mike,1
376,377,29,2,29,633ef8b1-818a-44b3-b2f9-0d6c5688bf29,mike,1
377,378,58,116,58,633ef8b1-818a-44b3-b2f9-0d6c5688bf29,mike,1
378,379,53,47,47,633ef8b1-818a-44b3-b2f9-0d6c5688bf29,mike,1
379,380,115,55,55,633ef8b1-818a-44b3-b2f9-0d6c5688bf29,mike,1
380,381,122,27,122,633ef8b1-818a-44b3-b2f9-0d6c5688bf29,mike,1
381,382,33,44,44,633ef8b1-818a-44b3-b2f9-0d6c5688bf29,mike,1
382,383,97,51,51,633ef8b1-818a-44b3-b2f9-0d6c5688bf29,mike,1
383,384,109,89,109,633ef8b1-818a-44b3-b2f9-0d6c5688bf29,mike,1
384,385,3,11,11,633ef8b1-818a-44b3-b2f9-0d6c5688bf29,mike,1
385,386,78,84,78,633ef8b1-818a-44b3-b2f9-0d6c5688bf29,mike,1
386,387,54,41,54,633ef8b1-818a-44b3-b2f9-0d6c5688bf29,mike,1
387,388,77,37,37,633ef8b1-818a-44b3-b2f9-0d6c5688bf29,mike,1
388,389,16,90,16,633ef8b1-818a-44b3-b2f9-0d6c5688bf29,mike,1
389,390,4,130,4,3d433cfb-0363-4b36-af24-21e59c921c6b,lukepalmer,1
390,391,43,11,11,3d433cfb-0363-4b36-af24-21e59c921c6b,lukepalmer,1
391,392,111,105,111,3d433cfb-0363-4b36-af24-21e59c921c6b,lukepalmer,1
392,393,109,82,109,3d433cfb-0363-4b36-af24-21e59c921c6b,lukepalmer,1
393,394,112,108,112,3d433cfb-0363-4b36-af24-21e59c921c6b,lukepalmer,1
394,395,129,72,129,3d433cfb-0363-4b36-af24-21e59c921c6b,lukepalmer,1
395,396,17,67,17,3d433cfb-0363-4b36-af24-21e59c921c6b,lukepalmer,1
396,397,55,68,55,3d433cfb-0363-4b36-af24-21e59c921c6b,lukepalmer,1
397,398,90,23,90,3d433cfb-0363-4b36-af24-21e59c921c6b,lukepalmer,1
398,399,38,96,38,3d433cfb-0363-4b36-af24-21e59c921c6b,lukepalmer,1
399,400,53,27,53,3d433cfb-0363-4b36-af24-21e59c921c6b,lukepalmer,1
400,401,94,63,63,3d433cfb-0363-4b36-af24-21e59c921c6b,lukepalmer,1
401,402,78,66,66,3d433cfb-0363-4b36-af24-21e59c921c6b,lukepalmer,1
402,403,89,22,22,3d433cfb-0363-4b36-af24-21e59c921c6b,lukepalmer,1
403,404,83,5,83,3d433cfb-0363-4b36-af24-21e59c921c6b,lukepalmer,1
404,405,19,74,19,3d433cfb-0363-4b36-af24-21e59c921c6b,lukepalmer,1
405,406,86,12,12,3d433cfb-0363-4b36-af24-21e59c921c6b,lukepalmer,1
406,407,9,56,56,3d433cfb-0363-4b36-af24-21e59c921c6b,lukepalmer,1
407,408,36,8,36,3d433cfb-0363-4b36-af24-21e59c921c6b,lukepalmer,1
408,409,31,58,31,3d433cfb-0363-4b36-af24-21e59c921c6b,lukepalmer,1
409,410,123,35,123,3d433cfb-0363-4b36-af24-21e59c921c6b,lukepalmer,1
410,411,49,87,49,3d433cfb-0363-4b36-af24-21e59c921c6b,lukepalmer,1
411,412,97,46,46,3d433cfb-0363-4b36-af24-21e59c921c6b,lukepalmer,1
412,413,69,47,47,3d433cfb-0363-4b36-af24-21e59c921c6b,lukepalmer,1
413,414,50,117,50,3d433cfb-0363-4b36-af24-21e59c921c6b,lukepalmer,1
414,415,51,20,20,3d433cfb-0363-4b36-af24-21e59c921c6b,lukepalmer,1
415,416,76,77,76,3d433cfb-0363-4b36-af24-21e59c921c6b,lukepalmer,1
416,417,106,40,40,3d433cfb-0363-4b36-af24-21e59c921c6b,lukepalmer,1
417,418,110,62,110,3d433cfb-0363-4b36-af24-21e59c921c6b,lukepalmer,1
418,419,10,32,32,3d433cfb-0363-4b36-af24-21e59c921c6b,lukepalmer,1
419,420,84,98,84,3d433cfb-0363-4b36-af24-21e59c921c6b,lukepalmer,1
420,421,128,126,128,3d433cfb-0363-4b36-af24-21e59c921c6b,lukepalmer,1
421,422,59,127,127,3d433cfb-0363-4b36-af24-21e59c921c6b,lukepalmer,1
422,423,93,52,52,3d433cfb-0363-4b36-af24-21e59c921c6b,lukepalmer,1
423,424,1,80,80,3d433cfb-0363-4b36-af24-21e59c921c6b,lukepalmer,1
424,425,7,44,7,3d433cfb-0363-4b36-af24-21e59c921c6b,lukepalmer,1
425,426,60,29,29,3d433cfb-0363-4b36-af24-21e59c921c6b,lukepalmer,1
426,427,92,114,114,3d433cfb-0363-4b36-af24-21e59c921c6b,lukepalmer,1
427,428,65,37,37,3d433cfb-0363-4b36-af24-21e59c921c6b,lukepalmer,1
428,429,124,103,124,3d433cfb-0363-4b36-af24-21e59c921c6b,lukepalmer,1
429,430,28,41,41,3d433cfb-0363-4b36-af24-21e59c921c6b,lukepalmer,1
430,431,64,75,75,3d433cfb-0363-4b36-af24-21e59c921c6b,lukepalmer,1
431,432,122,70,122,3d433cfb-0363-4b36-af24-21e59c921c6b,lukepalmer,1
432,433,121,116,121,3d433cfb-0363-4b36-af24-21e59c921c6b,lukepalmer,1
433,434,25,39,39,3d433cfb-0363-4b36-af24-21e59c921c6b,lukepalmer,1
434,435,48,120,120,3d433cfb-0363-4b36-af24-21e59c921c6b,lukepalmer,1
435,436,61,34,34,3d433cfb-0363-4b36-af24-21e59c921c6b,lukepalmer,1
436,437,30,88,30,3d433cfb-0363-4b36-af24-21e59c921c6b,lukepalmer,1
437,438,99,45,99,3d433cfb-0363-4b36-af24-21e59c921c6b,lukepalmer,1
438,439,100,13,100,3d433cfb-0363-4b36-af24-21e59c921c6b,lukepalmer,1
439,440,81,85,81,3d433cfb-0363-4b36-af24-21e59c921c6b,lukepalmer,1
440,441,57,102,57,3d433cfb-0363-4b36-af24-21e59c921c6b,lukepalmer,1
441,442,107,54,107,3d433cfb-0363-4b36-af24-21e59c921c6b,lukepalmer,1
442,443,42,101,101,3d433cfb-0363-4b36-af24-21e59c921c6b,lukepalmer,1
443,444,71,3,3,3d433cfb-0363-4b36-af24-21e59c921c6b,lukepalmer,1
444,445,18,73,18,3d433cfb-0363-4b36-af24-21e59c921c6b,lukepalmer,1
445,446,79,115,79,3d433cfb-0363-4b36-af24-21e59c921c6b,lukepalmer,1
446,447,16,119,119,3d433cfb-0363-4b36-af24-21e59c921c6b,lukepalmer,1
447,448,95,24,24,3d433cfb-0363-4b36-af24-21e59c921c6b,lukepalmer,1
448,449,113,118,118,3d433cfb-0363-4b36-af24-21e59c921c6b,lukepalmer,1
449,450,21,33,33,3d433cfb-0363-4b36-af24-21e59c921c6b,lukepalmer,1
450,451,6,2,2,3d433cfb-0363-4b36-af24-21e59c921c6b,lukepalmer,1
451,452,104,91,104,3d433cfb-0363-4b36-af24-21e59c921c6b,lukepalmer,1
452,453,125,26,26,3d433cfb-0363-4b36-af24-21e59c921c6b,lukepalmer,1
453,454,14,15,15,3d433cfb-0363-4b36-af24-21e59c921c6b,lukepalmer,1
454,455,62,122,122,3d433cfb-0363-4b36-af24-21e59c921c6b,lukepalmer,1
455,456,33,128,128,3d433cfb-0363-4b36-af24-21e59c921c6b,lukepalmer,1
456,457,67,125,67,3d433cfb-0363-4b36-af24-21e59c921c6b,lukepalmer,1
457,458,85,70,70,4669c001-8cef-45fa-97ad-161a98658309,lukeuser1,1
458,459,124,119,124,4669c001-8cef-45fa-97ad-161a98658309,lukeuser1,1
459,460,76,68,68,4669c001-8cef-45fa-97ad-161a98658309,lukeuser1,1
460,461,95,16,95,4669c001-8cef-45fa-97ad-161a98658309,lukeuser1,1
461,462,4,99,99,4669c001-8cef-45fa-97ad-161a98658309,lukeuser1,1
462,463,17,108,17,4669c001-8cef-45fa-97ad-161a98658309,lukeuser1,1
463,464,27,11,11,4669c001-8cef-45fa-97ad-161a98658309,lukeuser1,1
464,465,48,91,48,4669c001-8cef-45fa-97ad-161a98658309,lukeuser1,1
465,466,50,51,51,6c094e31-3b57-416d-b2c5-39decfb1806b,luke_u2,1
466,467,53,14,14,6c094e31-3b57-416d-b2c5-39decfb1806b,luke_u2,1
467,468,58,20,20,6c094e31-3b57-416d-b2c5-39decfb1806b,luke_u2,1
468,469,101,34,34,6c094e31-3b57-416d-b2c5-39decfb1806b,luke_u2,1
469,470,73,42,42,6c094e31-3b57-416d-b2c5-39decfb1806b,luke_u2,1
470,471,39,25,25,6c094e31-3b57-416d-b2c5-39decfb1806b,luke_u2,1
471,472,82,8,8,6c094e31-3b57-416d-b2c5-39decfb1806b,luke_u2,1
472,473,13,130,130,79e7bc35-a9f6-446c-9722-a853df0671a4,lukeuser2,1
473,474,38,28,38,8b2f500c-f330-439b-8162-d50912d39881,lukepalmer,1
474,475,92,126,126,8b2f500c-f330-439b-8162-d50912d39881,lukepalmer,1
475,476,106,93,106,8b2f500c-f330-439b-8162-d50912d39881,lukepalmer,1
476,477,45,120,45,8b2f500c-f330-439b-8162-d50912d39881,lukepalmer,1
477,478,94,113,113,8b2f500c-f330-439b-8162-d50912d39881,lukepalmer,1
478,479,97,87,87,8b2f500c-f330-439b-8162-d50912d39881,lukepalmer,1
479,480,46,5,46,8b2f500c-f330-439b-8162-d50912d39881,lukepalmer,1
480,481,90,110,90,8b2f500c-f330-439b-8162-d50912d39881,lukepalmer,1
481,482,72,52,52,8b2f500c-f330-439b-8162-d50912d39881,lukepalmer,1
482,483,23,96,23,8b2f500c-f330-439b-8162-d50912d39881,lukepalmer,1
483,484,63,98,63,8b2f500c-f330-439b-8162-d50912d39881,lukepalmer,1
484,485,54,6,54,8b2f500c-f330-439b-8162-d50912d39881,lukepalmer,1
485,486,29,55,29,8b2f500c-f330-439b-8162-d50912d39881,lukepalmer,1
486,487,61,127,61,8b2f500c-f330-439b-8162-d50912d39881,lukepalmer,1
487,488,81,35,35,8b2f500c-f330-439b-8162-d50912d39881,lukepalmer,1
488,489,116,123,123,8b2f500c-f330-439b-8162-d50912d39881,lukepalmer,1
489,490,37,41,37,8b2f500c-f330-439b-8162-d50912d39881,lukepalmer,1
490,491,117,104,117,8b2f500c-f330-439b-8162-d50912d39881,lukepalmer,1
491,492,80,107,107,8b2f500c-f330-439b-8162-d50912d39881,lukepalmer,1
492,493,102,24,24,8b2f500c-f330-439b-8162-d50912d39881,lukepalmer,1
493,494,100,26,100,8b2f500c-f330-439b-8162-d50912d39881,lukepalmer,1
494,495,44,36,44,8b2f500c-f330-439b-8162-d50912d39881,lukepalmer,1
495,496,69,129,69,8b2f500c-f330-439b-8162-d50912d39881,lukepalmer,1
496,497,31,75,31,8b2f500c-f330-439b-8162-d50912d39881,lukepalmer,1
497,498,9,105,105,8b2f500c-f330-439b-8162-d50912d39881,lukepalmer,1
498,499,40,12,40,8b2f500c-f330-439b-8162-d50912d39881,lukepalmer,1
499,500,121,1,121,8b2f500c-f330-439b-8162-d50912d39881,lukepalmer,1
500,501,57,77,77,8b2f500c-f330-439b-8162-d50912d39881,lukepalmer,1
501,502,2,21,21,8b2f500c-f330-439b-8162-d50912d39881,lukepalmer,1
502,503,66,79,79,8b2f500c-f330-439b-8162-d50912d39881,lukepalmer,1
503,504,32,78,78,8b2f500c-f330-439b-8162-d50912d39881,lukepalmer,1
504,505,49,65,65,8b2f500c-f330-439b-8162-d50912d39881,lukepalmer,1
505,506,43,111,43,8b2f500c-f330-439b-8162-d50912d39881,lukepalmer,1
506,507,114,103,114,8b2f500c-f330-439b-8162-d50912d39881,lukepalmer,1
507,508,10,118,118,8b2f500c-f330-439b-8162-d50912d39881,lukepalmer,1
508,509,64,109,64,8b2f500c-f330-439b-8162-d50912d39881,lukepalmer,1
509,510,3,18,3,8b2f500c-f330-439b-8162-d50912d39881,lukepalmer,1
510,511,47,86,47,8b2f500c-f330-439b-8162-d50912d39881,lukepalmer,1
511,512,88,74,74,8b2f500c-f330-439b-8162-d50912d39881,lukepalmer,1
512,513,56,112,112,8b2f500c-f330-439b-8162-d50912d39881,lukepalmer,1
513,514,59,19,19,8b2f500c-f330-439b-8162-d50912d39881,lukepalmer,1
514,515,7,71,7,8b2f500c-f330-439b-8162-d50912d39881,lukepalmer,1
515,516,30,115,30,8b2f500c-f330-439b-8162-d50912d39881,lukepalmer,1
516,517,15,89,15,8b2f500c-f330-439b-8162-d50912d39881,lukepalmer,1
517,518,84,83,84,8b2f500c-f330-439b-8162-d50912d39881,lukepalmer,1
518,519,22,60,22,8b2f500c-f330-439b-8162-d50912d39881,lukepalmer,1
519,520,48,124,124,8b2f500c-f330-439b-8162-d50912d39881,lukepalmer,1
520,521,19,52,19,8b2f500c-f330-439b-8162-d50912d39881,lukepalmer,1
521,522,99,62,99,8b2f500c-f330-439b-8162-d50912d39881,lukepalmer,1
522,523,79,93,79,8b2f500c-f330-439b-8162-d50912d39881,lukepalmer,1
523,524,111,37,37,8b2f500c-f330-439b-8162-d50912d39881,lukepalmer,1
524,525,27,68,27,8b2f500c-f330-439b-8162-d50912d39881,lukepalmer,1
525,526,53,10,53,8b2f500c-f330-439b-8162-d50912d39881,lukepalmer,1
526,527,82,16,82,8b2f500c-f330-439b-8162-d50912d39881,lukepalmer,1
527,528,94,50,50,8b2f500c-f330-439b-8162-d50912d39881,lukepalmer,1
528,529,128,63,63,8b2f500c-f330-439b-8162-d50912d39881,lukepalmer,1
529,530,123,122,123,8b2f500c-f330-439b-8162-d50912d39881,lukepalmer,1
530,531,118,125,118,8b2f500c-f330-439b-8162-d50912d39881,lukepalmer,1
531,532,15,12,12,8b2f500c-f330-439b-8162-d50912d39881,lukepalmer,1
532,533,114,5,114,8b2f500c-f330-439b-8162-d50912d39881,lukepalmer,1
533,534,61,34,34,8b2f500c-f330-439b-8162-d50912d39881,lukepalmer,1
534,535,7,71,7,8b2f500c-f330-439b-8162-d50912d39881,lukepalmer,1
535,536,4,96,4,8b2f500c-f330-439b-8162-d50912d39881,lukepalmer,1
536,537,60,6,6,8b2f500c-f330-439b-8162-d50912d39881,lukepalmer,1
537,538,64,39,39,8b2f500c-f330-439b-8162-d50912d39881,lukepalmer,1
538,539,78,70,78,8b2f500c-f330-439b-8162-d50912d39881,lukepalmer,1
539,540,113,66,66,8b2f500c-f330-439b-8162-d50912d39881,lukepalmer,1
540,541,97,103,97,8b2f500c-f330-439b-8162-d50912d39881,lukepalmer,1
541,542,129,116,116,8b2f500c-f330-439b-8162-d50912d39881,lukepalmer,1
542,543,108,101,101,8b2f500c-f330-439b-8162-d50912d39881,lukepalmer,1
543,544,86,100,100,8b2f500c-f330-439b-8162-d50912d39881,lukepalmer,1
544,545,33,20,33,8b2f500c-f330-439b-8162-d50912d39881,lukepalmer,1
545,546,102,26,26,8b2f500c-f330-439b-8162-d50912d39881,lukepalmer,1
546,547,21,127,21,8b2f500c-f330-439b-8162-d50912d39881,lukepalmer,1
547,548,29,112,29,8b2f500c-f330-439b-8162-d50912d39881,lukepalmer,1
548,549,126,90,126,8b2f500c-f330-439b-8162-d50912d39881,lukepalmer,1
549,550,31,120,31,8b2f500c-f330-439b-8162-d50912d39881,lukepalmer,1
550,551,130,13,130,8b2f500c-f330-439b-8162-d50912d39881,lukepalmer,1
551,552,24,59,59,8b2f500c-f330-439b-8162-d50912d39881,lukepalmer,1
552,553,121,89,121,8b2f500c-f330-439b-8162-d50912d39881,lukepalmer,1
553,554,56,14,56,8b2f500c-f330-439b-8162-d50912d39881,lukepalmer,1
554,555,106,9,106,8b2f500c-f330-439b-8162-d50912d39881,lukepalmer,1
555,556,57,54,54,8b2f500c-f330-439b-8162-d50912d39881,lukepalmer,1
556,557,83,65,65,8b2f500c-f330-439b-8162-d50912d39881,lukepalmer,1
557,558,42,43,42,8b2f500c-f330-439b-8162-d50912d39881,lukepalmer,1
558,559,35,22,22,8b2f500c-f330-439b-8162-d50912d39881,lukepalmer,1
559,560,104,47,47,8b2f500c-f330-439b-8162-d50912d39881,lukepalmer,1
560,561,117,17,17,8b2f500c-f330-439b-8162-d50912d39881,lukepalmer,1
561,562,38,95,38,8b2f500c-f330-439b-8162-d50912d39881,lukepalmer,1
562,563,32,115,32,8b2f500c-f330-439b-8162-d50912d39881,lukepalmer,1
563,564,110,30,30,8b2f500c-f330-439b-8162-d50912d39881,lukepalmer,1
564,565,1,2,2,8b2f500c-f330-439b-8162-d50912d39881,lukepalmer,1
565,566,8,105,8,8b2f500c-f330-439b-8162-d50912d39881,lukepalmer,1
566,567,51,74,51,8b2f500c-f330-439b-8162-d50912d39881,lukepalmer,1
567,568,91,76,76,8b2f500c-f330-439b-8162-d50912d39881,lukepalmer,1
568,569,46,67,67,8b2f500c-f330-439b-8162-d50912d39881,lukepalmer,1
569,570,45,88,45,8b2f500c-f330-439b-8162-d50912d39881,lukepalmer,1
570,571,87,58,58,8b2f500c-f330-439b-8162-d50912d39881,lukepalmer,1
571,572,55,109,55,8b2f500c-f330-439b-8162-d50912d39881,lukepalmer,1
572,573,41,28,41,8b2f500c-f330-439b-8162-d50912d39881,lukepalmer,1
573,574,18,36,36,8b2f500c-f330-439b-8162-d50912d39881,lukepalmer,1
574,575,92,75,75,8b2f500c-f330-439b-8162-d50912d39881,lukepalmer,1
575,576,85,40,40,8b2f500c-f330-439b-8162-d50912d39881,lukepalmer,1
576,577,72,25,25,8b2f500c-f330-439b-8162-d50912d39881,lukepalmer,1
577,578,23,77,77,8b2f500c-f330-439b-8162-d50912d39881,lukepalmer,1
578,579,107,44,107,8b2f500c-f330-439b-8162-d50912d39881,lukepalmer,1
579,580,84,11,11,8b2f500c-f330-439b-8162-d50912d39881,lukepalmer,1
580,581,69,81,81,8b2f500c-f330-439b-8162-d50912d39881,lukepalmer,1
581,582,3,98,3,8b2f500c-f330-439b-8162-d50912d39881,lukepalmer,1
582,583,49,73,49,8b2f500c-f330-439b-8162-d50912d39881,lukepalmer,1
583,584,119,80,119,8b2f500c-f330-439b-8162-d50912d39881,lukepalmer,1
584,585,64,55,55,8b2f500c-f330-439b-8162-d50912d39881,lukepalmer,1
585,586,119,74,74,8b2f500c-f330-439b-8162-d50912d39881,lukepalmer,1
586,587,12,19,19,8b2f500c-f330-439b-8162-d50912d39881,lukepalmer,1
587,588,129,26,129,8b2f500c-f330-439b-8162-d50912d39881,lukepalmer,1
588,589,56,50,50,8b2f500c-f330-439b-8162-d50912d39881,lukepalmer,1
589,590,9,110,110,8b2f500c-f330-439b-8162-d50912d39881,lukepalmer,1
590,591,1,36,36,8b2f500c-f330-439b-8162-d50912d39881,lukepalmer,1
591,592,81,101,101,8b2f500c-f330-439b-8162-d50912d39881,lukepalmer,1
592,593,69,51,69,8b2f500c-f330-439b-8162-d50912d39881,lukepalmer,1
593,594,2,75,75,8b2f500c-f330-439b-8162-d50912d39881,lukepalmer,1
594,595,10,43,43,8b2f500c-f330-439b-8162-d50912d39881,lukepalmer,1
595,596,124,62,62,8b2f500c-f330-439b-8162-d50912d39881,lukepalmer,1
596,597,118,28,118,8b2f500c-f330-439b-8162-d50912d39881,lukepalmer,1
597,598,116,41,116,8b2f500c-f330-439b-8162-d50912d39881,lukepalmer,1
598,599,38,40,40,8b2f500c-f330-439b-8162-d50912d39881,lukepalmer,1
599,600,99,18,99,8b2f500c-f330-439b-8162-d50912d39881,lukepalmer,1
600,601,120,106,120,8b2f500c-f330-439b-8162-d50912d39881,lukepalmer,1
601,602,22,72,22,8b2f500c-f330-439b-8162-d50912d39881,lukepalmer,1
602,603,25,31,31,8b2f500c-f330-439b-8162-d50912d39881,lukepalmer,1
603,604,96,29,29,8b2f500c-f330-439b-8162-d50912d39881,lukepalmer,1
604,605,88,61,61,8b2f500c-f330-439b-8162-d50912d39881,lukepalmer,1
605,606,4,103,4,8b2f500c-f330-439b-8162-d50912d39881,lukepalmer,1
606,607,128,46,128,8b2f500c-f330-439b-8162-d50912d39881,lukepalmer,1
607,608,5,122,122,8b2f500c-f330-439b-8162-d50912d39881,lukepalmer,1
608,609,53,112,112,8b2f500c-f330-439b-8162-d50912d39881,lukepalmer,1
609,610,102,66,66,8b2f500c-f330-439b-8162-d50912d39881,lukepalmer,1
610,611,80,76,76,8b2f500c-f330-439b-8162-d50912d39881,lukepalmer,1
611,612,65,14,65,479517b8-7d39-4cb2-999d-9ec8b255d0c0,lukepalmer,1
612,613,24,34,34,479517b8-7d39-4cb2-999d-9ec8b255d0c0,lukepalmer,1
613,614,70,27,27,479517b8-7d39-4cb2-999d-9ec8b255d0c0,lukepalmer,1
614,615,35,123,123,479517b8-7d39-4cb2-999d-9ec8b255d0c0,lukepalmer,1
615,616,83,11,11,479517b8-7d39-4cb2-999d-9ec8b255d0c0,lukepalmer,1
616,617,44,67,44,479517b8-7d39-4cb2-999d-9ec8b255d0c0,lukepalmer,1
617,618,105,71,105,479517b8-7d39-4cb2-999d-9ec8b255d0c0,lukepalmer,1
618,619,104,121,104,479517b8-7d39-4cb2-999d-9ec8b255d0c0,lukepalmer,1
619,620,130,58,58,479517b8-7d39-4cb2-999d-9ec8b255d0c0,lukepalmer,1
620,621,47,6,47,479517b8-7d39-4cb2-999d-9ec8b255d0c0,lukepalmer,1
621,622,49,68,49,479517b8-7d39-4cb2-999d-9ec8b255d0c0,lukepalmer,1
622,623,20,30,30,479517b8-7d39-4cb2-999d-9ec8b255d0c0,lukepalmer,1
623,624,97,117,117,479517b8-7d39-4cb2-999d-9ec8b255d0c0,lukepalmer,1
624,625,33,63,33,479517b8-7d39-4cb2-999d-9ec8b255d0c0,lukepalmer,1
625,626,126,95,126,479517b8-7d39-4cb2-999d-9ec8b255d0c0,lukepalmer,1
626,627,125,86,125,479517b8-7d39-4cb2-999d-9ec8b255d0c0,lukepalmer,1
627,628,8,42,42,479517b8-7d39-4cb2-999d-9ec8b255d0c0,lukepalmer,1
628,629,107,37,37,479517b8-7d39-4cb2-999d-9ec8b255d0c0,lukepalmer,1
629,630,127,57,57,479517b8-7d39-4cb2-999d-9ec8b255d0c0,lukepalmer,1
630,631,85,98,85,479517b8-7d39-4cb2-999d-9ec8b255d0c0,lukepalmer,1
631,632,108,109,109,479517b8-7d39-4cb2-999d-9ec8b255d0c0,lukepalmer,1
632,633,16,91,16,479517b8-7d39-4cb2-999d-9ec8b255d0c0,lukepalmer,1
633,634,7,92,7,479517b8-7d39-4cb2-999d-9ec8b255d0c0,lukepalmer,1
634,635,48,87,48,479517b8-7d39-4cb2-999d-9ec8b255d0c0,lukepalmer,1
635,636,54,100,54,479517b8-7d39-4cb2-999d-9ec8b255d0c0,lukepalmer,1
636,637,59,32,32,479517b8-7d39-4cb2-999d-9ec8b255d0c0,lukepalmer,1
637,638,52,60,52,479517b8-7d39-4cb2-999d-9ec8b255d0c0,lukepalmer,1
638,639,82,45,45,479517b8-7d39-4cb2-999d-9ec8b255d0c0,lukepalmer,1
639,640,77,114,114,479517b8-7d39-4cb2-999d-9ec8b255d0c0,lukepalmer,1
640,641,39,84,39,479517b8-7d39-4cb2-999d-9ec8b255d0c0,lukepalmer,1
641,642,79,15,79,479517b8-7d39-4cb2-999d-9ec8b255d0c0,lukepalmer,1
642,643,93,90,93,479517b8-7d39-4cb2-999d-9ec8b255d0c0,lukepalmer,1
643,644,3,78,3,479517b8-7d39-4cb2-999d-9ec8b255d0c0,lukepalmer,1
644,645,89,113,113,e084588f-953c-45b0-aded-a2f806cdfe8e,skynews,1
645,646,23,21,21,e084588f-953c-45b0-aded-a2f806cdfe8e,skynews,1
646,647,115,13,13,e084588f-953c-45b0-aded-a2f806cdfe8e,skynews,1
647,648,94,17,17,e084588f-953c-45b0-aded-a2f806cdfe8e,skynews,1
648,649,111,73,111,a0ce5d6c-dc2e-4883-9608-38a8babd3899,luke2,0
649,650,126,65,65,a0ce5d6c-dc2e-4883-9608-38a8babd3899,luke2,0
650,651,38,48,38,a0ce5d6c-dc2e-4883-9608-38a8babd3899,luke2,0
651,652,53,73,53,a0ce5d6c-dc2e-4883-9608-38a8babd3899,luke2,0
652,653,93,47,93,a0ce5d6c-dc2e-4883-9608-38a8babd3899,luke2,0
653,654,103,40,40,a0ce5d6c-dc2e-4883-9608-38a8babd3899,luke2,0
654,655,25,81,25,a0ce5d6c-dc2e-4883-9608-38a8babd3899,luke2,0
655,656,35,22,22,a0ce5d6c-dc2e-4883-9608-38a8babd3899,luke2,0
656,657,119,63,63,a0ce5d6c-dc2e-4883-9608-38a8babd3899,luke2,0
657,658,23,79,79,a0ce5d6c-dc2e-4883-9608-38a8babd3899,luke2,0
658,659,39,101,39,a0ce5d6c-dc2e-4883-9608-38a8babd3899,luke2,0
659,660,55,68,55,a0ce5d6c-dc2e-4883-9608-38a8babd3899,luke2,0
660,661,122,108,108,536a40de-a6eb-46aa-917e-310144013e19,lukeuser4,1
661,662,129,90,129,536a40de-a6eb-46aa-917e-310144013e19,lukeuser4,1
662,663,72,120,72,536a40de-a6eb-46aa-917e-310144013e19,lukeuser4,1
663,664,64,91,64,536a40de-a6eb-46aa-917e-310144013e19,lukeuser4,1
664,665,33,109,33,536a40de-a6eb-46aa-917e-310144013e19,lukeuser4,1
665,666,78,80,78,536a40de-a6eb-46aa-917e-310144013e19,lukeuser4,1
666,667,52,41,52,536a40de-a6eb-46aa-917e-310144013e19,lukeuser4,1
667,668,12,60,60,536a40de-a6eb-46aa-917e-310144013e19,lukeuser4,1
668,669,16,95,95,536a40de-a6eb-46aa-917e-310144013e19,lukeuser4,1
669,670,102,75,75,536a40de-a6eb-46aa-917e-310144013e19,lukeuser4,1
670,671,43,7,7,536a40de-a6eb-46aa-917e-310144013e19,lukeuser4,1
671,672,50,96,50,536a40de-a6eb-46aa-917e-310144013e19,lukeuser4,1
672,673,70,62,62,536a40de-a6eb-46aa-917e-310144013e19,lukeuser4,1
673,674,37,76,37,536a40de-a6eb-46aa-917e-310144013e19,lukeuser4,1
674,675,118,112,118,536a40de-a6eb-46aa-917e-310144013e19,lukeuser4,1
675,676,46,31,31,536a40de-a6eb-46aa-917e-310144013e19,lukeuser4,1
676,677,54,57,57,536a40de-a6eb-46aa-917e-310144013e19,lukeuser4,1
677,678,30,124,30,536a40de-a6eb-46aa-917e-310144013e19,lukeuser4,1
678,679,98,6,6,536a40de-a6eb-46aa-917e-310144013e19,lukeuser4,1
679,680,34,125,34,536a40de-a6eb-46aa-917e-310144013e19,lukeuser4,1
680,681,116,115,116,536a40de-a6eb-46aa-917e-310144013e19,lukeuser4,1
681,682,21,100,100,536a40de-a6eb-46aa-917e-310144013e19,lukeuser4,1
682,683,97,123,123,536a40de-a6eb-46aa-917e-310144013e19,lukeuser4,1
683,684,104,87,87,536a40de-a6eb-46aa-917e-310144013e19,lukeuser4,1
684,685,15,11,11,536a40de-a6eb-46aa-917e-310144013e19,lukeuser4,1
685,686,82,20,20,536a40de-a6eb-46aa-917e-310144013e19,lukeuser4,1
686,687,106,45,106,536a40de-a6eb-46aa-917e-310144013e19,lukeuser4,1
687,688,117,2,2,536a40de-a6eb-46aa-917e-310144013e19,lukeuser4,1
688,689,13,94,94,1d5b5a29-a37c-4737-bc7c-2507a3c02dc5,lukeuser5,1
689,690,32,127,32,1d5b5a29-a37c-4737-bc7c-2507a3c02dc5,lukeuser5,1
690,691,110,8,110,1d5b5a29-a37c-4737-bc7c-2507a3c02dc5,lukeuser5,1
691,692,77,61,61,1d5b5a29-a37c-4737-bc7c-2507a3c02dc5,lukeuser5,1
692,693,19,69,19,1d5b5a29-a37c-4737-bc7c-2507a3c02dc5,lukeuser5,1
693,694,59,14,59,bec6d9a2-bde0-4a39-aa89-c3f98465c237,fintan,1
694,695,128,56,56,bec6d9a2-bde0-4a39-aa89-c3f98465c237,fintan,1
695,696,105,89,105,bec6d9a2-bde0-4a39-aa89-c3f98465c237,fintan,1
696,697,10,3,10,bec6d9a2-bde0-4a39-aa89-c3f98465c237,fintan,1
697,698,107,67,67,bec6d9a2-bde0-4a39-aa89-c3f98465c237,fintan,1
698,699,130,9,130,bec6d9a2-bde0-4a39-aa89-c3f98465c237,fintan,1
699,700,1,113,113,bec6d9a2-bde0-4a39-aa89-c3f98465c237,fintan,1
700,701,86,26,26,bec6d9a2-bde0-4a39-aa89-c3f98465c237,fintan,1
701,702,36,84,36,bec6d9a2-bde0-4a39-aa89-c3f98465c237,fintan,1
702,703,71,92,92,bec6d9a2-bde0-4a39-aa89-c3f98465c237,fintan,1
703,704,49,66,49,bec6d9a2-bde0-4a39-aa89-c3f98465c237,fintan,1
704,705,121,18,121,bec6d9a2-bde0-4a39-aa89-c3f98465c237,fintan,1
705,706,88,58,58,bec6d9a2-bde0-4a39-aa89-c3f98465c237,fintan,1
706,707,5,85,85,bec6d9a2-bde0-4a39-aa89-c3f98465c237,fintan,1
707,708,83,44,83,bec6d9a2-bde0-4a39-aa89-c3f98465c237,fintan,1
708,709,114,4,114,bec6d9a2-bde0-4a39-aa89-c3f98465c237,fintan,1
709,710,28,27,27,bec6d9a2-bde0-4a39-aa89-c3f98465c237,fintan,1
710,711,74,42,42,bec6d9a2-bde0-4a39-aa89-c3f98465c237,fintan,1
711,712,99,111,99,bec6d9a2-bde0-4a39-aa89-c3f98465c237,fintan,1
712,713,51,29,51,bec6d9a2-bde0-4a39-aa89-c3f98465c237,fintan,1
713,714,24,17,17,bec6d9a2-bde0-4a39-aa89-c3f98465c237,fintan,1
714,715,128,79,128,bec6d9a2-bde0-4a39-aa89-c3f98465c237,fintan,1
715,716,69,70,69,bec6d9a2-bde0-4a39-aa89-c3f98465c237,fintan,1
716,717,120,93,120,bec6d9a2-bde0-4a39-aa89-c3f98465c237,fintan,1
717,718,62,24,62,bec6d9a2-bde0-4a39-aa89-c3f98465c237,fintan,1
718,719,104,102,104,bec6d9a2-bde0-4a39-aa89-c3f98465c237,fintan,1
719,720,52,46,52,bec6d9a2-bde0-4a39-aa89-c3f98465c237,fintan,1
720,721,77,20,77,bec6d9a2-bde0-4a39-aa89-c3f98465c237,fintan,1
721,722,119,103,119,bec6d9a2-bde0-4a39-aa89-c3f98465c237,fintan,1
722,723,53,71,71,bec6d9a2-bde0-4a39-aa89-c3f98465c237,fintan,1
723,724,100,125,100,bec6d9a2-bde0-4a39-aa89-c3f98465c237,fintan,1
724,725,26,74,74,bec6d9a2-bde0-4a39-aa89-c3f98465c237,fintan,1
725,726,124,4,124,bec6d9a2-bde0-4a39-aa89-c3f98465c237,fintan,1
726,727,108,22,22,bec6d9a2-bde0-4a39-aa89-c3f98465c237,fintan,1
727,728,111,97,111,bec6d9a2-bde0-4a39-aa89-c3f98465c237,fintan,1
728,729,116,58,58,bec6d9a2-bde0-4a39-aa89-c3f98465c237,fintan,1
729,730,30,41,30,bec6d9a2-bde0-4a39-aa89-c3f98465c237,fintan,1
730,731,95,72,95,bec6d9a2-bde0-4a39-aa89-c3f98465c237,fintan,1
731,732,9,3,9,bec6d9a2-bde0-4a39-aa89-c3f98465c237,fintan,1
732,733,75,7,7,bec6d9a2-bde0-4a39-aa89-c3f98465c237,fintan,1
733,734,81,56,56,bec6d9a2-bde0-4a39-aa89-c3f98465c237,fintan,1
734,735,107,44,107,bec6d9a2-bde0-4a39-aa89-c3f98465c237,fintan,1
735,736,37,67,37,bec6d9a2-bde0-4a39-aa89-c3f98465c237,fintan,1
736,737,55,48,55,bec6d9a2-bde0-4a39-aa89-c3f98465c237,fintan,1
737,738,66,113,66,bec6d9a2-bde0-4a39-aa89-c3f98465c237,fintan,1
738,739,19,87,19,bec6d9a2-bde0-4a39-aa89-c3f98465c237,fintan,1
739,740,89,5,5,bec6d9a2-bde0-4a39-aa89-c3f98465c237,fintan,1
740,741,98,109,109,bec6d9a2-bde0-4a39-aa89-c3f98465c237,fintan,1
741,742,35,15,35,bec6d9a2-bde0-4a39-aa89-c3f98465c237,fintan,1
742,743,28,105,105,bec6d9a2-bde0-4a39-aa89-c3f98465c237,fintan,1
743,744,25,90,25,bec6d9a2-bde0-4a39-aa89-c3f98465c237,fintan,1
744,745,13,43,13,bec6d9a2-bde0-4a39-aa89-c3f98465c237,fintan,1
745,746,78,130,130,bec6d9a2-bde0-4a39-aa89-c3f98465c237,fintan,1
746,747,122,127,122,bec6d9a2-bde0-4a39-aa89-c3f98465c237,fintan,1
747,748,40,23,40,bec6d9a2-bde0-4a39-aa89-c3f98465c237,fintan,1
748,749,101,45,101,bec6d9a2-bde0-4a39-aa89-c3f98465c237,fintan,1
749,750,73,85,85,bec6d9a2-bde0-4a39-aa89-c3f98465c237,fintan,1
750,751,99,60,99,bec6d9a2-bde0-4a39-aa89-c3f98465c237,fintan,1
751,752,65,59,65,bec6d9a2-bde0-4a39-aa89-c3f98465c237,fintan,1
752,753,12,21,21,bec6d9a2-bde0-4a39-aa89-c3f98465c237,fintan,1
753,754,1,64,64,bec6d9a2-bde0-4a39-aa89-c3f98465c237,fintan,1
754,755,1,64,64,bec6d9a2-bde0-4a39-aa89-c3f98465c237,fintan,1
755,756,96,92,92,bec6d9a2-bde0-4a39-aa89-c3f98465c237,fintan,1
756,757,121,80,80,bec6d9a2-bde0-4a39-aa89-c3f98465c237,fintan,1
757,758,49,27,49,bec6d9a2-bde0-4a39-aa89-c3f98465c237,fintan,1
758,759,14,91,91,bec6d9a2-bde0-4a39-aa89-c3f98465c237,fintan,1
759,760,110,29,29,bec6d9a2-bde0-4a39-aa89-c3f98465c237,fintan,1
760,761,106,17,17,bec6d9a2-bde0-4a39-aa89-c3f98465c237,fintan,1
761,762,83,54,83,bec6d9a2-bde0-4a39-aa89-c3f98465c237,fintan,1
762,763,118,84,118,bec6d9a2-bde0-4a39-aa89-c3f98465c237,fintan,1
763,764,32,36,36,bec6d9a2-bde0-4a39-aa89-c3f98465c237,fintan,1
764,765,51,94,51,bec6d9a2-bde0-4a39-aa89-c3f98465c237,fintan,1
765,766,11,2,11,bec6d9a2-bde0-4a39-aa89-c3f98465c237,fintan,1
766,767,88,112,112,bec6d9a2-bde0-4a39-aa89-c3f98465c237,fintan,1
767,768,129,50,50,bec6d9a2-bde0-4a39-aa89-c3f98465c237,fintan,1
768,769,82,126,126,bec6d9a2-bde0-4a39-aa89-c3f98465c237,fintan,1
769,770,8,76,8,bec6d9a2-bde0-4a39-aa89-c3f98465c237,fintan,1
770,771,16,39,39,bec6d9a2-bde0-4a39-aa89-c3f98465c237,fintan,1
771,772,115,57,57,bec6d9a2-bde0-4a39-aa89-c3f98465c237,fintan,1
772,773,68,114,114,bec6d9a2-bde0-4a39-aa89-c3f98465c237,fintan,1
773,774,63,10,63,bec6d9a2-bde0-4a39-aa89-c3f98465c237,fintan,1
774,775,33,123,33,bec6d9a2-bde0-4a39-aa89-c3f98465c237,fintan,1
775,776,117,61,61,bec6d9a2-bde0-4a39-aa89-c3f98465c237,fintan,1
776,777,18,34,34,bec6d9a2-bde0-4a39-aa89-c3f98465c237,fintan,1
777,778,38,42,38,bec6d9a2-bde0-4a39-aa89-c3f98465c237,fintan,1
778,779,31,6,31,bec6d9a2-bde0-4a39-aa89-c3f98465c237,fintan,1
779,780,86,47,47,bec6d9a2-bde0-4a39-aa89-c3f98465c237,fintan,1
780,781,63,126,63,bec6d9a2-bde0-4a39-aa89-c3f98465c237,fintan,1
781,782,114,26,114,bec6d9a2-bde0-4a39-aa89-c3f98465c237,fintan,1
782,783,46,53,46,bec6d9a2-bde0-4a39-aa89-c3f98465c237,fintan,1
783,784,101,60,101,bec6d9a2-bde0-4a39-aa89-c3f98465c237,fintan,1
784,785,49,121,49,bec6d9a2-bde0-4a39-aa89-c3f98465c237,fintan,1
785,786,74,33,33,bec6d9a2-bde0-4a39-aa89-c3f98465c237,fintan,1
786,787,84,52,52,bec6d9a2-bde0-4a39-aa89-c3f98465c237,fintan,1
787,788,30,35,30,bec6d9a2-bde0-4a39-aa89-c3f98465c237,fintan,1
788,789,21,72,21,bec6d9a2-bde0-4a39-aa89-c3f98465c237,fintan,1
789,790,55,73,55,bec6d9a2-bde0-4a39-aa89-c3f98465c237,fintan,1
790,791,25,111,25,bec6d9a2-bde0-4a39-aa89-c3f98465c237,fintan,1
791,792,95,85,95,bec6d9a2-bde0-4a39-aa89-c3f98465c237,fintan,1
792,793,115,123,123,bec6d9a2-bde0-4a39-aa89-c3f98465c237,fintan,1
793,794,75,128,128,bec6d9a2-bde0-4a39-aa89-c3f98465c237,fintan,1
794,795,31,47,31,bec6d9a2-bde0-4a39-aa89-c3f98465c237,fintan,1
795,796,23,99,99,bec6d9a2-bde0-4a39-aa89-c3f98465c237,fintan,1
796,797,37,7,7,bec6d9a2-bde0-4a39-aa89-c3f98465c237,fintan,1
797,798,103,125,103,bec6d9a2-bde0-4a39-aa89-c3f98465c237,fintan,1
798,799,78,83,83,bec6d9a2-bde0-4a39-aa89-c3f98465c237,fintan,1
799,800,113,109,113,bec6d9a2-bde0-4a39-aa89-c3f98465c237,fintan,1
800,801,11,122,11,bec6d9a2-bde0-4a39-aa89-c3f98465c237,fintan,1
801,802,69,79,69,bec6d9a2-bde0-4a39-aa89-c3f98465c237,fintan,1
802,803,12,41,12,bec6d9a2-bde0-4a39-aa89-c3f98465c237,fintan,1
803,804,110,86,110,bec6d9a2-bde0-4a39-aa89-c3f98465c237,fintan,1
804,805,94,130,130,bec6d9a2-bde0-4a39-aa89-c3f98465c237,fintan,1
805,806,117,88,117,bec6d9a2-bde0-4a39-aa89-c3f98465c237,fintan,1
806,807,19,59,19,bec6d9a2-bde0-4a39-aa89-c3f98465c237,fintan,1
807,808,91,36,36,bec6d9a2-bde0-4a39-aa89-c3f98465c237,fintan,1
808,809,76,54,54,00fd09d8-cf45-4e61-8e0d-52b7669a3382,lukeuser6,1
809,810,43,10,43,00fd09d8-cf45-4e61-8e0d-52b7669a3382,lukeuser6,1
810,811,15,50,50,00fd09d8-cf45-4e61-8e0d-52b7669a3382,lukeuser6,1
811,812,39,68,39,00fd09d8-cf45-4e61-8e0d-52b7669a3382,lukeuser6,1
812,813,92,6,6,00fd09d8-cf45-4e61-8e0d-52b7669a3382,lukeuser6,1
813,814,9,124,124,00fd09d8-cf45-4e61-8e0d-52b7669a3382,lukeuser6,1
814,815,96,14,96,00fd09d8-cf45-4e61-8e0d-52b7669a3382,lukeuser6,1
815,816,71,42,42,00fd09d8-cf45-4e61-8e0d-52b7669a3382,lukeuser6,1
816,817,58,62,62,00fd09d8-cf45-4e61-8e0d-52b7669a3382,lukeuser6,1
817,818,16,65,65,00fd09d8-cf45-4e61-8e0d-52b7669a3382,lukeuser6,1
818,819,34,119,34,00fd09d8-cf45-4e61-8e0d-52b7669a3382,lukeuser6,1
819,820,5,22,22,00fd09d8-cf45-4e61-8e0d-52b7669a3382,lukeuser6,1
820,821,57,118,57,0db1aea5-73cf-4b74-8392-9ac9cfd6f0d2,lukeuser7,1
821,822,32,61,32,0db1aea5-73cf-4b74-8392-9ac9cfd6f0d2,lukeuser7,1
822,823,98,105,105,0db1aea5-73cf-4b74-8392-9ac9cfd6f0d2,lukeuser7,1
823,824,20,70,20,0db1aea5-73cf-4b74-8392-9ac9cfd6f0d2,lukeuser7,1
824,825,2,104,104,0db1aea5-73cf-4b74-8392-9ac9cfd6f0d2,lukeuser7,1
825,826,18,3,3,0db1aea5-73cf-4b74-8392-9ac9cfd6f0d2,lukeuser7,1
826,827,116,100,100,0db1aea5-73cf-4b74-8392-9ac9cfd6f0d2,lukeuser7,1
827,828,87,89,87,6502e520-8d32-4f61-aa32-4dc292450fab,u5,0
828,829,17,120,17,6502e520-8d32-4f61-aa32-4dc292450fab,u5,0
829,830,81,27,27,6502e520-8d32-4f61-aa32-4dc292450fab,u5,0
830,831,77,66,77,6502e520-8d32-4f61-aa32-4dc292450fab,u5,0
831,832,108,38,38,6502e520-8d32-4f61-aa32-4dc292450fab,u5,0
832,833,28,93,28,6502e520-8d32-4f61-aa32-4dc292450fab,u5,0
833,834,102,129,129,6502e520-8d32-4f61-aa32-4dc292450fab,u5,0
834,835,40,8,40,6502e520-8d32-4f61-aa32-4dc292450fab,u5,0
835,836,127,82,127,6502e520-8d32-4f61-aa32-4dc292450fab,u5,0
836,837,80,90,80,6502e520-8d32-4f61-aa32-4dc292450fab,u5,0
837,838,51,45,51,6502e520-8d32-4f61-aa32-4dc292450fab,u5,0
838,839,13,106,13,6502e520-8d32-4f61-aa32-4dc292450fab,u5,0
839,840,29,44,29,6502e520-8d32-4f61-aa32-4dc292450fab,u5,0
840,841,112,56,56,6502e520-8d32-4f61-aa32-4dc292450fab,u5,0
841,842,97,24,24,33a00fd8-c548-4817-a135-f42e73dc44e4,lukepalmer,1
842,843,48,107,107,33a00fd8-c548-4817-a135-f42e73dc44e4,lukepalmer,1
843,844,4,67,4,33a00fd8-c548-4817-a135-f42e73dc44e4,lukepalmer,1
844,845,64,104,104,33a00fd8-c548-4817-a135-f42e73dc44e4,lukepalmer,1
845,846,69,111,111,33a00fd8-c548-4817-a135-f42e73dc44e4,lukepalmer,1
846,847,19,48,19,33a00fd8-c548-4817-a135-f42e73dc44e4,lukepalmer,1
847,848,89,75,75,33a00fd8-c548-4817-a135-f42e73dc44e4,lukepalmer,1
848,849,102,113,113,33a00fd8-c548-4817-a135-f42e73dc44e4,lukepalmer,1
849,850,125,116,116,33a00fd8-c548-4817-a135-f42e73dc44e4,lukepalmer,1
850,851,124,42,42,33a00fd8-c548-4817-a135-f42e73dc44e4,lukepalmer,1
851,852,114,108,114,33a00fd8-c548-4817-a135-f42e73dc44e4,lukepalmer,1
852,853,13,91,91,33a00fd8-c548-4817-a135-f42e73dc44e4,lukepalmer,1
853,854,27,107,27,33a00fd8-c548-4817-a135-f42e73dc44e4,lukepalmer,1
854,855,18,37,37,33a00fd8-c548-4817-a135-f42e73dc44e4,lukepalmer,1
855,856,128,15,128,33a00fd8-c548-4817-a135-f42e73dc44e4,lukepalmer,1
856,857,30,45,30,33a00fd8-c548-4817-a135-f42e73dc44e4,lukepalmer,1
857,858,59,47,47,33a00fd8-c548-4817-a135-f42e73dc44e4,lukepalmer,1
858,859,94,12,94,33a00fd8-c548-4817-a135-f42e73dc44e4,lukepalmer,1
859,860,20,63,63,33a00fd8-c548-4817-a135-f42e73dc44e4,lukepalmer,1
860,861,86,76,76,33a00fd8-c548-4817-a135-f42e73dc44e4,lukepalmer,1
861,862,83,72,83,33a00fd8-c548-4817-a135-f42e73dc44e4,lukepalmer,1
862,863,121,10,121,33a00fd8-c548-4817-a135-f42e73dc44e4,lukepalmer,1
863,864,77,100,100,33a00fd8-c548-4817-a135-f42e73dc44e4,lukepalmer,1
864,865,96,49,49,33a00fd8-c548-4817-a135-f42e73dc44e4,lukepalmer,1
865,866,93,65,65,33a00fd8-c548-4817-a135-f42e73dc44e4,lukepalmer,1
866,867,25,82,82,2ab62826-6266-44c3-93c3-267464118833,saya,0
867,868,126,129,126,2ab62826-6266-44c3-93c3-267464118833,saya,0
868,869,40,38,40,2ab62826-6266-44c3-93c3-267464118833,saya,0
869,870,39,97,97,2ab62826-6266-44c3-93c3-267464118833,saya,0
870,871,117,6,6,2ab62826-6266-44c3-93c3-267464118833,saya,0
871,872,130,61,130,591bb7c5-bf5d-44bf-921f-fe20d0abf352,user7,1
872,873,122,62,62,591bb7c5-bf5d-44bf-921f-fe20d0abf352,user7,1
873,874,71,8,71,591bb7c5-bf5d-44bf-921f-fe20d0abf352,user7,1
874,875,9,85,9,591bb7c5-bf5d-44bf-921f-fe20d0abf352,user7,1
875,876,68,98,98,591bb7c5-bf5d-44bf-921f-fe20d0abf352,user7,1
876,877,53,31,31,591bb7c5-bf5d-44bf-921f-fe20d0abf352,user7,1
877,878,36,3,36,591bb7c5-bf5d-44bf-921f-fe20d0abf352,user7,1
878,879,22,88,22,591bb7c5-bf5d-44bf-921f-fe20d0abf352,user7,1
879,880,95,24,95,591bb7c5-bf5d-44bf-921f-fe20d0abf352,user7,1
